battery_id,start_time,discharge_cycle_raw,discharge_cycle_valid,SOH_relative,SOH_nominal,ambient_temperature,RUL,rul_label_type,Re_mean,Rct_last,impedance_available,filename
B0005,2008-04-02 15:25:41,1,1.0,101.15,92.82,24,124.0,supervised,,,0,05122.csv
B0005,2008-04-02 19:43:48,2,2.0,100.6,92.32,24,123.0,supervised,,,0,05124.csv
B0005,2008-04-03 00:01:06,3,3.0,100.0,91.77,24,122.0,supervised,,,0,05126.csv
B0005,2008-04-03 04:16:37,4,4.0,100.0,91.76,24,121.0,supervised,,,0,05128.csv
B0005,2008-04-03 08:33:25,5,5.0,99.96,91.73,24,120.0,supervised,,,0,05130.csv
B0005,2008-04-03 12:55:10,6,6.0,100.02,91.78,24,119.0,supervised,,,0,05132.csv
B0005,2008-04-03 17:17:16,7,7.0,99.99,91.76,24,118.0,supervised,,,0,05134.csv
B0005,2008-04-03 21:28:14,8,8.0,99.48,91.29,24,117.0,supervised,,,0,05136.csv
B0005,2008-04-04 01:38:15,9,9.0,99.42,91.24,24,116.0,supervised,,,0,05138.csv
B0005,2008-04-04 05:48:08,10,10.0,99.42,91.23,24,115.0,supervised,,,0,05140.csv
B0005,2008-04-04 09:57:19,11,11.0,99.42,91.23,24,114.0,supervised,,,0,05142.csv
B0005,2008-04-04 17:56:27,12,12.0,98.85,90.71,24,113.0,supervised,,,0,05145.csv
B0005,2008-04-04 22:01:54,13,13.0,98.82,90.69,24,112.0,supervised,,,0,05147.csv
B0005,2008-04-05 02:20:26,14,14.0,98.81,90.67,24,111.0,supervised,,,0,05149.csv
B0005,2008-04-05 06:25:01,15,15.0,98.22,90.13,24,110.0,supervised,,,0,05151.csv
B0005,2008-04-05 10:30:32,16,16.0,98.19,90.11,24,109.0,supervised,,,0,05153.csv
B0005,2008-04-05 14:34:41,17,17.0,98.21,90.13,24,108.0,supervised,,,0,05155.csv
B0005,2008-04-05 18:39:25,18,18.0,98.24,90.15,24,107.0,supervised,,,0,05157.csv
B0005,2008-04-05 22:46:35,19,19.0,98.23,90.14,24,106.0,supervised,,,0,05159.csv
B0005,2008-04-18 21:10:19,20,20.0,100.64,92.35,24,105.0,supervised,0.0446687003661609,0.0694562730453699,1,05162.csv
B0005,2008-04-19 02:29:09,21,21.0,100.66,92.37,24,104.0,supervised,0.04539971085479207,0.0679720560130687,1,05166.csv
B0005,2008-04-19 07:47:15,22,22.0,100.05,91.81,24,103.0,supervised,0.04549899412535998,0.0685283289600032,1,05170.csv
B0005,2008-04-19 13:01:42,23,23.0,99.48,91.29,24,102.0,supervised,0.045379684419248556,0.0680444951699617,1,05174.csv
B0005,2008-04-19 18:27:29,24,24.0,99.44,91.26,24,101.0,supervised,0.045184614192229466,0.0684502122707276,1,05178.csv
B0005,2008-04-19 23:41:55,25,25.0,99.47,91.28,24,100.0,supervised,0.045110072284773484,0.0683410113732366,1,05182.csv
B0005,2008-04-20 04:54:41,26,26.0,98.84,90.7,24,99.0,supervised,0.045149232444407765,0.0686823765587221,1,05186.csv
B0005,2008-04-20 10:16:28,27,27.0,98.88,90.74,24,98.0,supervised,0.04524634646975168,0.0681437253042456,1,05190.csv
B0005,2008-04-20 15:37:05,28,28.0,98.84,90.7,24,97.0,supervised,0.0452671264414956,0.0678255571971684,1,05194.csv
B0005,2008-04-20 20:50:38,29,29.0,98.22,90.14,24,96.0,supervised,0.045199117229820104,0.0688580524121343,1,05198.csv
B0005,2008-04-21 02:15:02,30,30.0,98.3,90.2,24,95.0,supervised,0.04514205619361067,0.0677943469911627,1,05202.csv
B0005,2008-04-22 15:33:49,31,31.0,100.9,92.59,24,94.0,supervised,0.045136569660062825,0.0694040818553967,1,05206.csv
B0005,2008-04-22 20:26:18,32,32.0,99.75,91.54,24,93.0,supervised,0.04523222975685526,0.0699377430233672,1,05210.csv
B0005,2008-04-23 01:18:11,33,33.0,99.16,91.0,24,92.0,supervised,0.04542171898743681,0.0695041754421432,1,05214.csv
B0005,2008-04-23 06:18:19,34,34.0,98.58,90.47,24,91.0,supervised,0.04556330780335192,0.069661211991841,1,05218.csv
B0005,2008-04-23 11:08:00,35,35.0,98.33,90.23,24,90.0,supervised,0.04561380066698855,0.0711294674960708,1,05222.csv
B0005,2008-04-23 16:06:25,36,36.0,98.04,89.97,24,89.0,supervised,0.04571557101909871,0.0716707961231252,1,05226.csv
B0005,2008-04-23 21:02:58,37,37.0,97.44,89.42,24,88.0,supervised,0.045789336389831736,0.0697669618355563,1,05230.csv
B0005,2008-04-24 01:51:33,38,38.0,97.14,89.15,24,87.0,supervised,0.0458246555810225,0.0719248993978976,1,05234.csv
B0005,2008-04-24 06:50:00,39,39.0,96.6,88.65,24,86.0,supervised,0.04586070116353773,0.0719378705603448,1,05238.csv
B0005,2008-04-24 11:49:24,40,40.0,96.6,88.65,24,85.0,supervised,0.04591713452493572,0.0703395836124857,1,05242.csv
B0005,2008-04-24 16:45:56,41,41.0,96.32,88.39,24,84.0,supervised,0.04605943347577576,0.0697381270154479,1,05246.csv
B0005,2008-04-24 21:38:11,42,42.0,96.02,88.12,24,83.0,supervised,0.046136639384314976,0.0701251142477667,1,05250.csv
B0005,2008-04-25 12:03:44,43,43.0,96.31,88.38,24,82.0,supervised,0.04621310248018312,0.0697134641311117,1,05254.csv
B0005,2008-04-25 20:03:55,44,44.0,96.04,88.13,24,81.0,supervised,0.04621310248018312,0.0697134641311117,1,05256.csv
B0005,2008-04-26 01:04:35,45,45.0,95.44,87.59,24,80.0,supervised,0.04628127171642477,0.073180098911682,1,05260.csv
B0005,2008-04-26 05:57:35,46,46.0,94.91,87.09,24,79.0,supervised,0.0463346419440214,0.0716524732655295,1,05264.csv
B0005,2008-04-26 10:58:25,47,47.0,94.59,86.8,24,78.0,supervised,0.04639993667981578,0.0724998374901,1,05268.csv
B0005,2008-04-29 12:15:56,48,48.0,97.73,89.68,24,77.0,supervised,0.04639993667981578,0.0724998374901,1,05270.csv
B0005,2008-04-29 17:05:27,49,49.0,97.16,89.16,24,76.0,supervised,0.046502987312120006,0.0701407541984291,1,05274.csv
B0005,2008-04-29 22:00:04,50,50.0,96.3,88.37,24,75.0,supervised,0.04661129549038111,0.0711299384497784,1,05278.csv
B0005,2008-04-30 02:43:55,51,51.0,95.73,87.85,24,74.0,supervised,0.04671102486511242,0.0719830276512561,1,05282.csv
B0005,2008-04-30 07:41:42,52,52.0,95.18,87.34,24,73.0,supervised,0.04677192120592363,0.0714637439793728,1,05286.csv
B0005,2008-04-30 12:28:49,53,53.0,94.9,87.09,24,72.0,supervised,0.04685699195848732,0.0708870426164587,1,05290.csv
B0005,2008-04-30 17:20:16,54,54.0,94.61,86.82,24,71.0,supervised,0.0469124929026485,0.0717816850521735,1,05294.csv
B0005,2008-04-30 22:14:54,55,55.0,94.06,86.32,24,70.0,supervised,0.04698145475849499,0.0718319241428618,1,05298.csv
B0005,2008-05-01 03:15:33,56,56.0,93.49,85.79,24,69.0,supervised,0.04704331736599729,0.0713902715439566,1,05302.csv
B0005,2008-05-01 08:16:03,57,57.0,93.2,85.53,24,68.0,supervised,0.0470965428548505,0.0724518691988788,1,05306.csv
B0005,2008-05-01 13:14:24,58,58.0,92.95,85.3,24,67.0,supervised,0.04716508905622694,0.073040250995097,1,05310.csv
B0005,2008-05-01 18:11:10,59,59.0,92.64,85.02,24,66.0,supervised,0.047227424023696396,0.07251082944035,1,05314.csv
B0005,2008-05-01 23:10:15,60,60.0,92.33,84.73,24,65.0,supervised,0.047274795795012814,0.0720176209117095,1,05318.csv
B0005,2008-05-02 03:53:34,61,61.0,91.8,84.25,24,64.0,supervised,0.047323144306501704,0.0731699361800272,1,05322.csv
B0005,2008-05-02 08:44:40,62,62.0,91.23,83.72,24,63.0,supervised,0.047364264277066075,0.0727712073374357,1,05326.csv
B0005,2008-05-02 13:43:05,63,63.0,91.24,83.73,24,62.0,supervised,0.047421286611159685,0.0727086679457494,1,05330.csv
B0005,2008-05-02 19:07:48,64,64.0,90.65,83.19,24,61.0,supervised,0.04749183423137593,0.0730104108966134,1,05334.csv
B0005,2008-05-02 23:24:17,65,65.0,90.39,82.95,24,60.0,supervised,0.04749183423137593,0.0730104108966134,1,05336.csv
B0005,2008-05-03 04:13:08,66,66.0,90.11,82.69,24,59.0,supervised,0.047537663600366924,0.073436503616202,1,05340.csv
B0005,2008-05-03 09:10:19,67,67.0,89.5,82.13,24,58.0,supervised,0.04758792708652726,0.0732133898164959,1,05344.csv
B0005,2008-05-03 14:04:34,68,68.0,89.24,81.89,24,57.0,supervised,0.04762745340840377,0.074596186052064,1,05348.csv
B0005,2008-05-03 18:58:13,69,69.0,88.96,81.64,24,56.0,supervised,0.04766009564287333,0.0745830977634214,1,05352.csv
B0005,2008-05-03 23:42:30,70,70.0,88.69,81.39,24,55.0,supervised,0.04770118143947518,0.0736638387977965,1,05356.csv
B0005,2008-05-04 04:41:40,71,71.0,88.38,81.11,24,54.0,supervised,0.04774816492546977,0.0737188582159762,1,05360.csv
B0005,2008-05-04 09:40:11,72,72.0,87.79,80.57,24,53.0,supervised,0.047780949663843525,0.0746561776087558,1,05364.csv
B0005,2008-05-04 14:38:13,73,73.0,87.53,80.33,24,52.0,supervised,0.04782028218349871,0.0735542582193973,1,05368.csv
B0005,2008-05-04 19:37:07,74,74.0,87.26,80.08,24,51.0,supervised,0.04786835675804031,0.0746229428074614,1,05372.csv
B0005,2008-05-05 00:35:53,75,75.0,86.65,79.52,24,50.0,supervised,0.047910568884455586,0.0736039114233682,1,05376.csv
B0005,2008-05-05 05:28:13,76,76.0,86.4,79.29,24,49.0,supervised,0.047949829661268525,0.074642062777058,1,05380.csv
B0005,2008-05-05 11:41:31,77,77.0,86.36,79.25,24,48.0,supervised,0.04798126266305021,0.0754771092928152,1,05384.csv
B0005,2008-05-05 20:40:08,78,78.0,86.93,79.78,24,47.0,supervised,0.04798126266305021,0.0754771092928152,1,05386.csv
B0005,2008-05-06 01:38:46,79,79.0,85.8,78.74,24,46.0,supervised,0.04810492504319265,0.0793440364411719,1,05390.csv
B0005,2008-05-06 06:37:06,80,80.0,85.26,78.25,24,45.0,supervised,0.048222669709149506,0.0800235935822896,1,05394.csv
B0005,2008-05-06 11:25:21,81,81.0,84.98,77.99,24,44.0,supervised,0.048338264785386394,0.0804500816192199,1,05398.csv
B0005,2008-05-06 16:23:36,82,82.0,84.97,77.97,24,43.0,supervised,0.04843798829604942,0.0809952791439065,1,05402.csv
B0005,2008-05-06 21:21:49,83,83.0,84.71,77.73,24,42.0,supervised,0.048579232156819904,0.0790061137619081,1,05406.csv
B0005,2008-05-07 02:17:25,84,84.0,84.39,77.44,24,41.0,supervised,0.04871489906208693,0.0818149196701257,1,05410.csv
B0005,2008-05-07 07:04:02,85,85.0,83.81,76.91,24,40.0,supervised,0.048851629572685566,0.0808669662369406,1,05414.csv
B0005,2008-05-07 12:01:49,86,86.0,83.25,76.4,24,39.0,supervised,0.048974647156111946,0.0825010076441602,1,05418.csv
B0005,2008-05-07 16:59:29,87,87.0,83.28,76.43,24,38.0,supervised,0.04910922462865872,0.0817505708315127,1,05422.csv
B0005,2008-05-07 21:56:09,88,88.0,82.96,76.13,24,37.0,supervised,0.04924489266552818,0.0826941645735358,1,05426.csv
B0005,2008-05-08 02:53:49,89,89.0,82.68,75.87,24,36.0,supervised,0.049365176453951776,0.082272625759776,1,05430.csv
B0005,2008-05-09 12:25:07,90,90.0,87.49,80.29,24,35.0,supervised,0.049493165863355684,0.0829157329641766,1,05433.csv
B0005,2008-05-09 20:28:09,91,91.0,85.21,78.19,24,34.0,supervised,0.04955880643213139,0.0761509211548619,1,05436.csv
B0005,2008-05-10 01:21:56,92,92.0,84.35,77.4,24,33.0,supervised,0.04968750554215924,0.0809967398338894,1,05440.csv
B0005,2008-05-10 06:18:12,93,93.0,83.49,76.62,24,32.0,supervised,0.049801367409423154,0.080792347724638,1,05444.csv
B0005,2008-05-10 11:16:04,94,94.0,83.2,76.35,24,31.0,supervised,0.049920920525670896,0.0816166339541188,1,05448.csv
B0005,2008-05-10 16:11:56,95,95.0,82.65,75.85,24,30.0,supervised,0.05002441979130257,0.0820304274361046,1,05452.csv
B0005,2008-05-10 21:07:54,96,96.0,82.38,75.59,24,29.0,supervised,0.050120992005436134,0.0843093490529676,1,05456.csv
B0005,2008-05-11 02:05:21,97,97.0,82.09,75.33,24,28.0,supervised,0.050237296858081905,0.081280778737871,1,05460.csv
B0005,2008-05-11 06:55:27,98,98.0,81.81,75.08,24,27.0,supervised,0.05033318738437136,0.0827621596207595,1,05464.csv
B0005,2008-05-11 11:52:47,99,99.0,81.23,74.54,24,26.0,supervised,0.050424149226078616,0.0838933915955351,1,05468.csv
B0005,2008-05-11 16:49:58,100,100.0,80.96,74.29,24,25.0,supervised,0.050529359668072676,0.0823356083860003,1,05472.csv
B0005,2008-05-11 21:47:12,101,101.0,80.66,74.02,24,24.0,supervised,0.05062535808297267,0.0825995740858869,1,05476.csv
B0005,2008-05-12 02:36:58,102,102.0,80.38,73.76,24,23.0,supervised,0.05071070570303263,0.0836176940705274,1,05480.csv
B0005,2008-05-12 12:56:34,103,103.0,80.96,74.3,24,22.0,supervised,0.050793796830299394,0.0845362995717969,1,05484.csv
B0005,2008-05-12 18:59:59,104,104.0,81.52,74.8,24,21.0,supervised,0.05084201493869741,0.0781662290360033,1,05487.csv
B0005,2008-05-12 23:53:17,105,105.0,80.68,74.04,24,20.0,supervised,0.05095136941849826,0.0837734664524804,1,05491.csv
B0005,2008-05-13 04:35:25,106,106.0,80.08,73.49,24,19.0,supervised,0.05105268793879578,0.0836115676360818,1,05495.csv
B0005,2008-05-13 09:24:04,107,107.0,79.22,72.7,24,18.0,supervised,0.05115992271876603,0.0837056242203838,1,05499.csv
B0005,2008-05-13 14:20:24,108,108.0,79.23,72.71,24,17.0,supervised,0.05124887841909451,0.0843513765148262,1,05503.csv
B0005,2008-05-13 19:04:20,109,109.0,79.28,72.75,24,16.0,supervised,0.05135191750563456,0.0832805147674182,1,05507.csv
B0005,2008-05-13 23:59:26,110,110.0,78.95,72.45,24,15.0,supervised,0.051446178909135415,0.0831904359131708,1,05511.csv
B0005,2008-05-14 04:55:57,111,111.0,78.39,71.93,24,14.0,supervised,0.051533533170275383,0.0848701138092932,1,05515.csv
B0005,2008-05-14 09:52:22,112,112.0,78.1,71.67,24,13.0,supervised,0.05162390368744321,0.0847391766373357,1,05519.csv
B0005,2008-05-14 14:35:22,113,113.0,78.1,71.67,24,12.0,supervised,0.05170337729926593,0.0871172135034907,1,05523.csv
B0005,2008-05-14 19:31:39,114,114.0,77.81,71.4,24,11.0,supervised,0.05180883529817179,0.0849090277748801,1,05527.csv
B0005,2008-05-15 00:27:55,115,115.0,77.53,71.15,24,10.0,supervised,0.05189029460492268,0.0847995018360561,1,05531.csv
B0005,2008-05-15 05:24:04,116,116.0,77.23,70.87,24,9.0,supervised,0.051976067352029774,0.0851877517168028,1,05535.csv
B0005,2008-05-15 10:20:03,117,117.0,76.96,70.62,24,8.0,supervised,0.05205026621504606,0.086329382369691,1,05539.csv
B0005,2008-05-15 15:10:59,118,118.0,76.97,70.63,24,7.0,supervised,0.05215697818475944,0.0850211189952597,1,05543.csv
B0005,2008-05-15 19:56:47,119,119.0,76.69,70.38,24,6.0,supervised,0.05224026467110189,0.0848557762027261,1,05547.csv
B0005,2008-05-16 16:54:59,120,120.0,78.1,71.67,24,5.0,supervised,0.05232243590140166,0.0850345675980089,1,05551.csv
B0005,2008-05-16 21:37:39,121,121.0,78.36,71.91,24,4.0,supervised,0.05232243590140166,0.0850345675980089,1,05553.csv
B0005,2008-05-17 02:32:13,122,122.0,77.23,70.87,24,3.0,supervised,0.05241592123369349,0.0858397688242258,1,05557.csv
B0005,2008-05-17 07:25:19,123,123.0,76.66,70.35,24,2.0,supervised,0.05250342183347474,0.0858843611487287,1,05561.csv
B0005,2008-05-17 12:21:15,124,124.0,76.35,70.06,24,1.0,supervised,0.052599304794199345,0.0882216113892046,1,05565.csv
B0005,2008-05-17 17:15:37,125,125.0,76.1,69.84,24,0.0,supervised,0.052692462333182484,0.0872699062901812,1,05569.csv
B0005,2008-05-17 22:10:51,126,126.0,75.8,69.56,24,0.0,supervised,0.052770788858591544,0.0872037829252581,1,05573.csv
B0005,2008-05-18 03:05:19,127,127.0,75.53,69.31,24,0.0,supervised,0.0528537521570451,0.0872819262712242,1,05577.csv
B0005,2008-05-18 08:00:50,128,128.0,75.21,69.02,24,0.0,supervised,0.05294434254851565,0.0867911180985442,1,05581.csv
B0005,2008-05-18 12:44:48,129,129.0,74.93,68.76,24,0.0,supervised,0.053029518941336715,0.0883779260119075,1,05585.csv
B0005,2008-05-18 17:36:29,130,130.0,74.67,68.53,24,0.0,supervised,0.05310972133628737,0.0869792218467831,1,05589.csv
B0005,2008-05-18 22:31:45,131,131.0,74.67,68.53,24,0.0,supervised,0.05319520501695141,0.088522345692425,1,05593.csv
B0005,2008-05-19 03:27:07,132,132.0,74.36,68.24,24,0.0,supervised,0.053274174359487086,0.0892308757094791,1,05597.csv
B0005,2008-05-19 15:34:33,133,133.0,74.94,68.77,24,0.0,supervised,0.05336610473039049,0.0883872445764871,1,05601.csv
B0005,2008-05-19 20:59:48,134,134.0,75.52,69.31,24,0.0,supervised,0.05336610473039049,0.0883872445764871,1,05603.csv
B0005,2008-05-20 01:16:42,135,135.0,74.64,68.49,24,0.0,supervised,0.05336610473039049,0.0883872445764871,1,05605.csv
B0005,2008-05-20 06:12:06,136,136.0,74.36,68.24,24,0.0,supervised,0.05337838683929111,0.0815685656842147,1,05609.csv
B0005,2008-05-20 11:07:23,137,137.0,73.79,67.72,24,0.0,supervised,0.053380967006483905,0.0827569341149588,1,05613.csv
B0005,2008-05-20 15:57:27,138,138.0,73.81,67.73,24,0.0,supervised,0.05339734807733436,0.0822632105400608,1,05617.csv
B0005,2008-05-20 20:50:39,139,139.0,73.81,67.74,24,0.0,supervised,0.05343166864741694,0.0802980949053397,1,05621.csv
B0005,2008-05-21 01:39:38,140,140.0,73.52,67.47,24,0.0,supervised,0.053439829637120274,0.0819223123309917,1,05625.csv
B0005,2008-05-21 06:24:27,141,141.0,73.24,67.21,24,0.0,supervised,0.0534500444410122,0.0817739908657299,1,05629.csv
B0005,2008-05-21 11:18:06,142,142.0,72.96,66.95,24,0.0,supervised,0.053464092576562636,0.0832806716843878,1,05633.csv
B0005,2008-05-21 16:10:21,143,143.0,72.95,66.95,24,0.0,supervised,0.053480914093086536,0.0829501208969064,1,05637.csv
B0005,2008-05-21 21:02:09,144,144.0,72.68,66.7,24,0.0,supervised,0.053508137469792966,0.0819030322921605,1,05641.csv
B0005,2008-05-22 01:42:59,145,145.0,72.39,66.43,24,0.0,supervised,0.053524764042233886,0.0829467411842261,1,05645.csv
B0005,2008-05-22 06:32:40,146,146.0,72.09,66.16,24,0.0,supervised,0.05354731193286637,0.0823749011789342,1,05649.csv
B0005,2008-05-22 11:23:22,147,147.0,71.82,65.91,24,0.0,supervised,0.05355329098211222,0.0844856223082752,1,05653.csv
B0005,2008-05-22 16:17:58,148,148.0,71.84,65.92,24,0.0,supervised,0.05357562131452818,0.0830662312193171,1,05657.csv
B0005,2008-05-22 20:59:50,149,149.0,71.83,65.91,24,0.0,supervised,0.05357713311668758,0.0833563552790388,1,05661.csv
B0005,2008-05-23 12:13:16,150,150.0,72.13,66.19,24,0.0,supervised,0.05360520370835218,0.0883688518598075,1,05665.csv
B0005,2008-05-23 20:14:29,151,151.0,74.11,68.01,24,0.0,supervised,0.053622527029132894,0.0807877386784969,1,05668.csv
B0005,2008-05-24 01:09:21,152,152.0,72.99,66.98,24,0.0,supervised,0.05367432378579386,0.0849639039583958,1,05672.csv
B0005,2008-05-24 06:00:20,153,153.0,72.41,66.45,24,0.0,supervised,0.05370372394473083,0.0872083312129923,1,05676.csv
B0005,2008-05-24 10:42:50,154,154.0,72.12,66.18,24,0.0,supervised,0.053752526181688104,0.0877786866945486,1,05680.csv
B0005,2008-05-24 15:31:10,155,155.0,71.85,65.93,24,0.0,supervised,0.053793601492930186,0.0884300775522404,1,05684.csv
B0005,2008-05-24 20:21:13,156,156.0,71.57,65.67,24,0.0,supervised,0.05383675742493526,0.0858437497371109,1,05688.csv
B0005,2008-05-25 01:06:49,157,157.0,71.55,65.66,24,0.0,supervised,0.053871307815365164,0.0866248363959436,1,05692.csv
B0005,2008-05-25 05:57:17,158,158.0,71.26,65.39,24,0.0,supervised,0.05392269306047399,0.0863688291866818,1,05696.csv
B0005,2008-05-25 10:51:37,159,159.0,71.0,65.15,24,0.0,supervised,0.05396050321980579,0.0882183154162739,1,05700.csv
B0005,2008-05-25 15:37:08,160,160.0,71.01,65.17,24,0.0,supervised,0.05400443014792539,0.0887302979407742,1,05704.csv
B0005,2008-05-25 20:23:04,161,161.0,71.02,65.17,24,0.0,supervised,0.05405285847037017,0.0875362397797066,1,05708.csv
B0005,2008-05-26 01:13:02,162,162.0,70.72,64.89,24,0.0,supervised,0.054095284972385804,0.0885380186023552,1,05712.csv
B0005,2008-05-26 06:01:08,163,163.0,70.73,64.9,24,0.0,supervised,0.05413583699863838,0.0889051987685422,1,05716.csv
B0005,2008-05-26 10:44:38,164,164.0,70.48,64.67,24,0.0,supervised,0.05416713763612278,0.0847212726764891,1,05720.csv
B0005,2008-05-26 15:30:43,165,165.0,70.18,64.4,24,0.0,supervised,0.054200511022353716,0.0857362189277121,1,05724.csv
B0005,2008-05-26 20:21:04,166,166.0,70.15,64.37,24,0.0,supervised,0.05422971145635693,0.0874238934793032,1,05728.csv
B0005,2008-05-27 15:52:41,167,167.0,71.32,65.45,24,0.0,supervised,0.05425984941976463,0.0897568704647984,1,05732.csv
B0005,2008-05-27 20:45:42,168,168.0,72.2,66.25,24,0.0,supervised,0.05425984941976463,0.0897568704647984,1,05734.csv
B0006,2008-04-02 15:25:41,1,1.0,101.09,101.77,24,108.0,supervised,,,0,04506.csv
B0006,2008-04-02 19:43:48,2,2.0,100.59,101.26,24,107.0,supervised,,,0,04508.csv
B0006,2008-04-03 00:01:06,3,3.0,100.0,100.67,24,106.0,supervised,,,0,04510.csv
B0006,2008-04-03 04:16:37,4,4.0,100.0,100.66,24,105.0,supervised,,,0,04512.csv
B0006,2008-04-03 08:33:25,5,5.0,99.36,100.03,24,104.0,supervised,,,0,04514.csv
B0006,2008-04-03 12:55:10,6,6.0,100.03,100.69,24,103.0,supervised,,,0,04516.csv
B0006,2008-04-03 17:17:16,7,7.0,99.99,100.66,24,102.0,supervised,,,0,04518.csv
B0006,2008-04-03 21:28:14,8,8.0,97.79,98.44,24,101.0,supervised,,,0,04520.csv
B0006,2008-04-04 01:38:15,9,9.0,97.76,98.41,24,100.0,supervised,,,0,04522.csv
B0006,2008-04-04 05:48:08,10,10.0,97.21,97.86,24,99.0,supervised,,,0,04524.csv
B0006,2008-04-04 09:57:19,11,11.0,96.64,97.28,24,98.0,supervised,,,0,04526.csv
B0006,2008-04-04 17:56:27,12,12.0,96.1,96.74,24,97.0,supervised,,,0,04529.csv
B0006,2008-04-04 22:01:54,13,13.0,95.53,96.16,24,96.0,supervised,,,0,04531.csv
B0006,2008-04-05 02:20:26,14,14.0,94.96,95.59,24,95.0,supervised,,,0,04533.csv
B0006,2008-04-05 06:25:01,15,15.0,94.42,95.05,24,94.0,supervised,,,0,04535.csv
B0006,2008-04-05 10:30:32,16,16.0,93.83,94.46,24,93.0,supervised,,,0,04537.csv
B0006,2008-04-05 14:34:41,17,17.0,93.29,93.91,24,92.0,supervised,,,0,04539.csv
B0006,2008-04-05 18:39:25,18,18.0,92.76,93.38,24,91.0,supervised,,,0,04541.csv
B0006,2008-04-05 22:46:35,19,19.0,92.76,93.38,24,90.0,supervised,,,0,04543.csv
B0006,2008-04-18 21:10:19,20,20.0,98.33,98.98,24,89.0,supervised,0.0612335902100034,0.0785415394665875,1,04546.csv
B0006,2008-04-19 02:29:09,21,21.0,97.23,97.88,24,88.0,supervised,0.062493451707893166,0.0780240937829042,1,04550.csv
B0006,2008-04-19 07:47:15,22,22.0,96.65,97.29,24,87.0,supervised,0.06219306000484294,0.078402402030253,1,04554.csv
B0006,2008-04-19 13:01:42,23,23.0,95.58,96.21,24,86.0,supervised,0.06189705418405145,0.0780709338220486,1,04558.csv
B0006,2008-04-19 18:27:29,24,24.0,96.66,97.3,24,85.0,supervised,0.06162352352031207,0.0779557075787303,1,04562.csv
B0006,2008-04-19 23:41:55,25,25.0,94.44,95.07,24,84.0,supervised,0.06157110918025698,0.0793818256613338,1,04566.csv
B0006,2008-04-20 04:54:41,26,26.0,93.31,93.93,24,83.0,supervised,0.06151720502423547,0.0794940929426612,1,04570.csv
B0006,2008-04-20 10:16:28,27,27.0,92.8,93.42,24,82.0,supervised,0.0614749405864279,0.0787121835729847,1,04574.csv
B0006,2008-04-20 15:37:05,28,28.0,92.19,92.8,24,81.0,supervised,0.06139203495011528,0.0798953392291199,1,04578.csv
B0006,2008-04-20 20:50:38,29,29.0,91.65,92.26,24,80.0,supervised,0.06141782105581208,0.0797490751361702,1,04582.csv
B0006,2008-04-21 02:15:02,30,30.0,92.25,92.86,24,79.0,supervised,0.061414067076540436,0.0801450681587133,1,04586.csv
B0006,2008-04-22 15:33:49,31,31.0,95.6,96.24,24,78.0,supervised,0.061444857066546704,0.0816430296477719,1,04590.csv
B0006,2008-04-22 20:26:18,32,32.0,93.49,94.11,24,77.0,supervised,0.061569677035976995,0.0802116916237253,1,04594.csv
B0006,2008-04-23 01:18:11,33,33.0,92.15,92.76,24,76.0,supervised,0.06163481361929077,0.0812080578761546,1,04598.csv
B0006,2008-04-23 06:18:19,34,34.0,91.35,91.96,24,75.0,supervised,0.061681677929071574,0.0815016521658017,1,04602.csv
B0006,2008-04-23 11:08:00,35,35.0,90.33,90.93,24,74.0,supervised,0.061733367106760674,0.0813876104403678,1,04606.csv
B0006,2008-04-23 16:06:25,36,36.0,90.07,90.67,24,73.0,supervised,0.06179945928380486,0.0816912469233858,1,04610.csv
B0006,2008-04-23 21:02:58,37,37.0,89.26,89.86,24,72.0,supervised,0.0618351814560953,0.0813161008134317,1,04614.csv
B0006,2008-04-24 01:51:33,38,38.0,88.46,89.05,24,71.0,supervised,0.06186972117521605,0.0812043516055386,1,04618.csv
B0006,2008-04-24 06:50:00,39,39.0,87.96,88.55,24,70.0,supervised,0.06192815303421617,0.0834715784465107,1,04622.csv
B0006,2008-04-24 11:49:24,40,40.0,87.44,88.02,24,69.0,supervised,0.062003287880672886,0.0838548867166324,1,04626.csv
B0006,2008-04-24 16:45:56,41,41.0,86.94,87.51,24,68.0,supervised,0.061993272428066105,0.082015904986437,1,04630.csv
B0006,2008-04-24 21:38:11,42,42.0,86.4,86.97,24,67.0,supervised,0.062081497167959784,0.0821657170874893,1,04634.csv
B0006,2008-04-25 12:03:44,43,43.0,87.15,87.73,24,66.0,supervised,0.06208123823535819,0.0822751953989806,1,04638.csv
B0006,2008-04-25 20:03:55,44,44.0,87.71,88.3,24,65.0,supervised,0.06208123823535819,0.0822751953989806,1,04640.csv
B0006,2008-04-26 01:04:35,45,45.0,86.12,86.69,24,64.0,supervised,0.06211362320024627,0.0831917770388853,1,04644.csv
B0006,2008-04-26 05:57:35,46,46.0,85.1,85.67,24,63.0,supervised,0.06215803598605088,0.0842684807349334,1,04648.csv
B0006,2008-04-26 10:58:25,47,47.0,84.56,85.12,24,62.0,supervised,0.062189574624007204,0.0839721783477321,1,04652.csv
B0006,2008-04-29 12:15:56,48,48.0,90.58,91.19,24,61.0,supervised,0.062189574624007204,0.0839721783477321,1,04654.csv
B0006,2008-04-29 17:05:27,49,49.0,89.81,90.41,24,60.0,supervised,0.06230399057182336,0.0803422930093306,1,04658.csv
B0006,2008-04-29 22:00:04,50,50.0,88.2,88.79,24,59.0,supervised,0.06239186255390405,0.0823636397717541,1,04662.csv
B0006,2008-04-30 02:43:55,51,51.0,86.66,87.24,24,58.0,supervised,0.062460679235795305,0.0821410228199839,1,04666.csv
B0006,2008-04-30 07:41:42,52,52.0,85.89,86.46,24,57.0,supervised,0.06251402117154818,0.0829695672555505,1,04670.csv
B0006,2008-04-30 12:28:49,53,53.0,84.84,85.41,24,56.0,supervised,0.06257882015839807,0.083905581872106,1,04674.csv
B0006,2008-04-30 17:20:16,54,54.0,84.32,84.88,24,55.0,supervised,0.06263947466193708,0.0833208029616876,1,04678.csv
B0006,2008-04-30 22:14:54,55,55.0,83.55,84.1,24,54.0,supervised,0.06271905233404532,0.0847815533935232,1,04682.csv
B0006,2008-05-01 03:15:33,56,56.0,83.02,83.57,24,53.0,supervised,0.06277632387213791,0.0841849219613237,1,04686.csv
B0006,2008-05-01 08:16:03,57,57.0,82.49,83.04,24,52.0,supervised,0.06285387155335574,0.0860504140343909,1,04690.csv
B0006,2008-05-01 13:14:24,58,58.0,82.01,82.56,24,51.0,supervised,0.06294991043498659,0.0867482199337119,1,04694.csv
B0006,2008-05-01 18:11:10,59,59.0,81.46,82.01,24,50.0,supervised,0.06305576394086429,0.087205582998911,1,04698.csv
B0006,2008-05-01 23:10:15,60,60.0,80.92,81.46,24,49.0,supervised,0.06314713483880292,0.0871283409737494,1,04702.csv
B0006,2008-05-02 03:53:34,61,61.0,79.91,80.44,24,48.0,supervised,0.06322821369341562,0.0875628563316522,1,04706.csv
B0006,2008-05-02 08:44:40,62,62.0,79.65,80.18,24,47.0,supervised,0.06330667285729878,0.0882085911331916,1,04710.csv
B0006,2008-05-02 13:43:05,63,63.0,79.42,79.95,24,46.0,supervised,0.06340937090349492,0.0883150961530336,1,04714.csv
B0006,2008-05-02 19:07:48,64,64.0,78.86,79.38,24,45.0,supervised,0.06350428413165961,0.0885796818139071,1,04718.csv
B0006,2008-05-02 23:24:17,65,65.0,78.62,79.15,24,44.0,supervised,0.06350428413165961,0.0885796818139071,1,04720.csv
B0006,2008-05-03 04:13:08,66,66.0,77.84,78.36,24,43.0,supervised,0.06358891345302091,0.0895032370200492,1,04724.csv
B0006,2008-05-03 09:10:19,67,67.0,77.55,78.07,24,42.0,supervised,0.0636811253158658,0.089810213906633,1,04728.csv
B0006,2008-05-03 14:04:34,68,68.0,77.05,77.56,24,41.0,supervised,0.06377518998710764,0.0909328266072082,1,04732.csv
B0006,2008-05-03 18:58:13,69,69.0,76.52,77.03,24,40.0,supervised,0.0638607967892791,0.0909751873219429,1,04736.csv
B0006,2008-05-03 23:42:30,70,70.0,75.76,76.27,24,39.0,supervised,0.06395505684934916,0.0923241095524087,1,04740.csv
B0006,2008-05-04 04:41:40,71,71.0,76.0,76.51,24,38.0,supervised,0.06404869972744044,0.092016689540834,1,04744.csv
B0006,2008-05-04 09:40:11,72,72.0,75.73,76.23,24,37.0,supervised,0.0641419203158475,0.0925822548520223,1,04748.csv
B0006,2008-05-04 14:38:13,73,73.0,75.23,75.73,24,36.0,supervised,0.06424339212115049,0.0934909607320899,1,04752.csv
B0006,2008-05-04 19:37:07,74,74.0,74.97,75.47,24,35.0,supervised,0.06434177646529478,0.0938773051851886,1,04756.csv
B0006,2008-05-05 00:35:53,75,75.0,74.7,75.2,24,34.0,supervised,0.06444338945646168,0.0941862300129836,1,04760.csv
B0006,2008-05-05 05:28:13,76,76.0,74.18,74.68,24,33.0,supervised,0.06452448190705586,0.093439801192804,1,04764.csv
B0006,2008-05-05 11:41:31,77,77.0,73.89,74.38,24,32.0,supervised,0.06461218747370023,0.0956134300233157,1,04768.csv
B0006,2008-05-05 20:40:08,78,78.0,76.01,76.51,24,31.0,supervised,0.06461218747370023,0.0956134300233157,1,04770.csv
B0006,2008-05-06 01:38:46,79,79.0,74.71,75.2,24,30.0,supervised,0.06471033847303646,0.0950867440401892,1,04774.csv
B0006,2008-05-06 06:37:06,80,80.0,73.95,74.44,24,29.0,supervised,0.0647965545779301,0.0954114747516299,1,04778.csv
B0006,2008-05-06 11:25:21,81,81.0,73.42,73.91,24,28.0,supervised,0.06488854811082144,0.0958005363424977,1,04782.csv
B0006,2008-05-06 16:23:36,82,82.0,73.43,73.92,24,27.0,supervised,0.06498580466505101,0.0953017663720588,1,04786.csv
B0006,2008-05-06 21:21:49,83,83.0,73.17,73.66,24,26.0,supervised,0.06507205914590446,0.0945481312063891,1,04790.csv
B0006,2008-05-07 02:17:25,84,84.0,72.89,73.38,24,25.0,supervised,0.06517451707389792,0.0955803390819771,1,04794.csv
B0006,2008-05-07 07:04:02,85,85.0,72.1,72.58,24,24.0,supervised,0.06526505993007513,0.0963748469082876,1,04798.csv
B0006,2008-05-07 12:01:49,86,86.0,72.12,72.6,24,23.0,supervised,0.06535302506783358,0.0969330859249994,1,04802.csv
B0006,2008-05-07 16:59:29,87,87.0,71.88,72.36,24,22.0,supervised,0.06546469337155149,0.0968587759009549,1,04806.csv
B0006,2008-05-07 21:56:09,88,88.0,71.86,72.34,24,21.0,supervised,0.06556939012142178,0.0966015913982298,1,04810.csv
B0006,2008-05-08 02:53:49,89,89.0,71.61,72.08,24,20.0,supervised,0.06565803581650355,0.0974074142043939,1,04814.csv
B0006,2008-05-09 12:25:07,90,90.0,79.15,79.68,24,19.0,supervised,0.06573733150162471,0.0961492059978541,1,04817.csv
B0006,2008-05-09 20:28:09,91,91.0,76.81,77.32,24,18.0,supervised,0.06577503222755969,0.0904819625026011,1,04820.csv
B0006,2008-05-10 01:21:56,92,92.0,75.23,75.74,24,17.0,supervised,0.0658460365169554,0.0930529362512398,1,04824.csv
B0006,2008-05-10 06:18:12,93,93.0,74.45,74.95,24,16.0,supervised,0.06592675378169839,0.0936702392745788,1,04828.csv
B0006,2008-05-10 11:16:04,94,94.0,73.66,74.16,24,15.0,supervised,0.06601173894545188,0.0944034597636557,1,04832.csv
B0006,2008-05-10 16:11:56,95,95.0,73.16,73.65,24,14.0,supervised,0.06607657156610915,0.0950709227361693,1,04836.csv
B0006,2008-05-10 21:07:54,96,96.0,72.65,73.14,24,13.0,supervised,0.06615090075689337,0.0954683161052524,1,04840.csv
B0006,2008-05-11 02:05:21,97,97.0,72.11,72.59,24,12.0,supervised,0.06622682324503108,0.0967891593710254,1,04844.csv
B0006,2008-05-11 06:55:27,98,98.0,71.86,72.34,24,11.0,supervised,0.06630728341745956,0.0973154810605629,1,04848.csv
B0006,2008-05-11 11:52:47,99,99.0,71.59,72.07,24,10.0,supervised,0.06639240852756967,0.097423700411414,1,04852.csv
B0006,2008-05-11 16:49:58,100,100.0,71.09,71.56,24,9.0,supervised,0.06646692078190256,0.0961826751217128,1,04856.csv
B0006,2008-05-11 21:47:12,101,101.0,70.83,71.3,24,8.0,supervised,0.06654013492550126,0.0980060822404009,1,04860.csv
B0006,2008-05-12 02:36:58,102,102.0,70.55,71.02,24,7.0,supervised,0.06661152111862546,0.0975442065322093,1,04864.csv
B0006,2008-05-12 12:56:34,103,103.0,70.56,71.04,24,6.0,supervised,0.0666894641707597,0.098167563773746,1,04868.csv
B0006,2008-05-12 18:59:59,104,104.0,72.13,72.61,24,5.0,supervised,0.06672657796720959,0.0940003961459088,1,04871.csv
B0006,2008-05-12 23:53:17,105,105.0,71.1,71.58,24,4.0,supervised,0.0668083782186778,0.0968201170137169,1,04875.csv
B0006,2008-05-13 04:35:25,106,106.0,70.28,70.75,24,3.0,supervised,0.06688369504998831,0.0978484060677772,1,04879.csv
B0006,2008-05-13 09:24:04,107,107.0,70.02,70.49,24,2.0,supervised,0.06696303481568973,0.0987207477814379,1,04883.csv
B0006,2008-05-13 14:20:24,108,108.0,69.78,70.25,24,1.0,supervised,0.06704434880298964,0.098555954977838,1,04887.csv
B0006,2008-05-13 19:04:20,109,109.0,69.3,69.76,24,0.0,supervised,0.06711846032551193,0.0979458341330775,1,04891.csv
B0006,2008-05-13 23:59:26,110,110.0,69.27,69.73,24,0.0,supervised,0.06718441512146071,0.0979426342024937,1,04895.csv
B0006,2008-05-14 04:55:57,111,111.0,69.01,69.47,24,0.0,supervised,0.06726276447354623,0.0978280397199374,1,04899.csv
B0006,2008-05-14 09:52:22,112,112.0,68.73,69.19,24,0.0,supervised,0.0673410079579402,0.100297485432866,1,04903.csv
B0006,2008-05-14 14:35:22,113,113.0,68.23,68.68,24,0.0,supervised,0.06740473018699927,0.1002855268895236,1,04907.csv
B0006,2008-05-14 19:31:39,114,114.0,68.47,68.93,24,0.0,supervised,0.0674796520025139,0.1003482635430065,1,04911.csv
B0006,2008-05-15 00:27:55,115,115.0,68.23,68.69,24,0.0,supervised,0.06754975239157895,0.0990365839748105,1,04915.csv
B0006,2008-05-15 05:24:04,116,116.0,67.96,68.41,24,0.0,supervised,0.0676165042568446,0.1006790823074739,1,04919.csv
B0006,2008-05-15 10:20:03,117,117.0,67.71,68.17,24,0.0,supervised,0.06768451562378747,0.1003809603504959,1,04923.csv
B0006,2008-05-15 15:10:59,118,118.0,67.46,67.9,24,0.0,supervised,0.06774405454387047,0.1003434135011964,1,04927.csv
B0006,2008-05-15 19:56:47,119,119.0,67.22,67.66,24,0.0,supervised,0.06781389818810643,0.0986748779007716,1,04931.csv
B0006,2008-05-16 16:54:59,120,120.0,68.75,69.21,24,0.0,supervised,0.06787973962747974,0.0998851845039756,1,04935.csv
B0006,2008-05-16 21:37:39,121,121.0,69.79,70.26,24,0.0,supervised,0.06787973962747974,0.0998851845039756,1,04937.csv
B0006,2008-05-17 02:32:13,122,122.0,68.48,68.94,24,0.0,supervised,0.0679564725361765,0.100329706643873,1,04941.csv
B0006,2008-05-17 07:25:19,123,123.0,67.96,68.41,24,0.0,supervised,0.06802363153850259,0.1011607325689791,1,04945.csv
B0006,2008-05-17 12:21:15,124,124.0,67.42,67.87,24,0.0,supervised,0.06808781099520776,0.1014589241819508,1,04949.csv
B0006,2008-05-17 17:15:37,125,125.0,67.18,67.62,24,0.0,supervised,0.06815159181324933,0.100603352458913,1,04953.csv
B0006,2008-05-17 22:10:51,126,126.0,66.92,67.37,24,0.0,supervised,0.06821400091973767,0.1025451876366216,1,04957.csv
B0006,2008-05-18 03:05:19,127,127.0,66.41,66.85,24,0.0,supervised,0.06826949421016201,0.1013873791642721,1,04961.csv
B0006,2008-05-18 08:00:50,128,128.0,66.12,66.56,24,0.0,supervised,0.06833292353619777,0.1014317733775896,1,04965.csv
B0006,2008-05-18 12:44:48,129,129.0,65.86,66.3,24,0.0,supervised,0.06838942233490451,0.1028088756204259,1,04969.csv
B0006,2008-05-18 17:36:29,130,130.0,65.64,66.08,24,0.0,supervised,0.06845136781665151,0.1020749534936402,1,04973.csv
B0006,2008-05-18 22:31:45,131,131.0,65.62,66.06,24,0.0,supervised,0.06851466051927198,0.1024320211016061,1,04977.csv
B0006,2008-05-19 03:27:07,132,132.0,65.35,65.78,24,0.0,supervised,0.06856908478183367,0.10259630569279,1,04981.csv
B0006,2008-05-19 15:34:33,133,133.0,65.61,66.05,24,0.0,supervised,0.0686344953399374,0.1030180047578761,1,04985.csv
B0006,2008-05-19 20:59:48,134,134.0,66.93,67.37,24,0.0,supervised,0.0686344953399374,0.1030180047578761,1,04987.csv
B0006,2008-05-20 01:16:42,135,135.0,65.86,66.3,24,0.0,supervised,0.0686344953399374,0.1030180047578761,1,04989.csv
B0006,2008-05-20 06:12:06,136,136.0,65.07,65.51,24,0.0,supervised,0.06869234032351629,0.102092852503947,1,04993.csv
B0006,2008-05-20 11:07:23,137,137.0,64.83,65.26,24,0.0,supervised,0.06874236028886428,0.1012304992482019,1,04997.csv
B0006,2008-05-20 15:57:27,138,138.0,64.59,65.02,24,0.0,supervised,0.06879470262077815,0.1017004816081313,1,05001.csv
B0006,2008-05-20 20:50:39,139,139.0,64.58,65.01,24,0.0,supervised,0.06884186307403395,0.1019511695754428,1,05005.csv
B0006,2008-05-21 01:39:38,140,140.0,64.05,64.48,24,0.0,supervised,0.06888822012255727,0.1033905552179119,1,05009.csv
B0006,2008-05-21 06:24:27,141,141.0,63.54,63.96,24,0.0,supervised,0.06893906754076844,0.1019022250061564,1,05013.csv
B0006,2008-05-21 11:18:06,142,142.0,63.54,63.96,24,0.0,supervised,0.06898599970291572,0.1021279987143925,1,05017.csv
B0006,2008-05-21 16:10:21,143,143.0,63.28,63.7,24,0.0,supervised,0.06903233736940086,0.1023480972991154,1,05021.csv
B0006,2008-05-21 21:02:09,144,144.0,63.28,63.71,24,0.0,supervised,0.06907485659535824,0.103165304469953,1,05025.csv
B0006,2008-05-22 01:42:59,145,145.0,62.77,63.19,24,0.0,supervised,0.0691200966922844,0.1017155778229261,1,05029.csv
B0006,2008-05-22 06:32:40,146,146.0,62.49,62.91,24,0.0,supervised,0.06916398602595773,0.1039905059221312,1,05033.csv
B0006,2008-05-22 11:23:22,147,147.0,62.25,62.66,24,0.0,supervised,0.06921627968085069,0.1027814179991246,1,05037.csv
B0006,2008-05-22 16:17:58,148,148.0,62.25,62.66,24,0.0,supervised,0.06926756641824104,0.1041063706998522,1,05041.csv
B0006,2008-05-22 20:59:50,149,149.0,61.99,62.4,24,0.0,supervised,0.06931126110289902,0.1049438515440013,1,05045.csv
B0006,2008-05-23 12:13:16,150,150.0,62.26,62.67,24,0.0,supervised,0.06935959851701015,0.1064712631533319,1,05049.csv
B0006,2008-05-23 20:14:29,151,151.0,64.06,64.49,24,0.0,supervised,0.06938037341148345,0.0976349035137695,1,05052.csv
B0006,2008-05-24 01:09:21,152,152.0,62.76,63.18,24,0.0,supervised,0.06942419888433335,0.1013128184675522,1,05056.csv
B0006,2008-05-24 06:00:20,153,153.0,61.99,62.4,24,0.0,supervised,0.06946302081937439,0.1026311415061905,1,05060.csv
B0006,2008-05-24 10:42:50,154,154.0,61.2,61.61,24,0.0,supervised,0.06950215589001911,0.1033762243070195,1,05064.csv
B0006,2008-05-24 15:31:10,155,155.0,60.95,61.36,24,0.0,supervised,0.06954025365235349,0.104593793917714,1,05068.csv
B0006,2008-05-24 20:21:13,156,156.0,60.68,61.09,24,0.0,supervised,0.06957353669028743,0.1041567019889631,1,05072.csv
B0006,2008-05-25 01:06:49,157,157.0,60.15,60.56,24,0.0,supervised,0.06961459349504164,0.1049894160585908,1,05076.csv
B0006,2008-05-25 05:57:17,158,158.0,59.88,60.28,24,0.0,supervised,0.06965971758730552,0.1062555849514584,1,05080.csv
B0006,2008-05-25 10:51:37,159,159.0,59.65,60.04,24,0.0,supervised,0.06969980053815922,0.1032519942992523,1,05084.csv
B0006,2008-05-25 15:37:08,160,160.0,59.14,59.53,24,0.0,supervised,0.06975042012394973,0.1047311376075346,1,05088.csv
B0006,2008-05-25 20:23:04,161,161.0,58.87,59.26,24,0.0,supervised,0.06979813032145037,0.1041059746959914,1,05092.csv
B0006,2008-05-26 01:13:02,162,162.0,58.59,58.98,24,0.0,supervised,0.06983864589979186,0.1043025357256912,1,05096.csv
B0006,2008-05-26 06:01:08,163,163.0,58.34,58.73,24,0.0,supervised,0.0698755071217257,0.1054502286771071,1,05100.csv
B0006,2008-05-26 10:44:38,164,164.0,57.31,57.69,24,0.0,supervised,0.06991796667551835,0.1050583889524579,1,05104.csv
B0006,2008-05-26 15:30:43,165,165.0,57.83,58.22,24,0.0,supervised,0.06996173033979056,0.1055258410926404,1,05108.csv
B0006,2008-05-26 20:21:04,166,166.0,57.56,57.94,24,0.0,supervised,0.06999819466945204,0.1066836025369429,1,05112.csv
B0006,2008-05-27 15:52:41,167,167.0,58.36,58.75,24,0.0,supervised,0.07003873572938661,0.1058981228130979,1,05116.csv
B0006,2008-05-27 20:45:42,168,168.0,58.89,59.28,24,0.0,supervised,0.07003873572938661,0.1058981228130979,1,05118.csv
B0018,2008-07-07 15:15:28,1,1.0,100.84,92.75,24,96.0,supervised,0.0651581515845521,0.09555369570022,1,06355.csv
B0018,2008-07-07 21:53:06,2,2.0,100.2,92.16,24,95.0,supervised,0.06368424084556899,0.0916190292546578,1,06359.csv
B0018,2008-07-08 02:56:08,3,3.0,100.0,91.98,24,94.0,supervised,0.0630076334096874,0.0918828824623866,1,06363.csv
B0018,2008-07-08 07:58:55,4,4.0,99.51,91.53,24,93.0,supervised,0.06262489140666011,0.0914120280962234,1,06367.csv
B0018,2008-07-08 18:57:48,5,5.0,99.62,91.64,24,92.0,supervised,0.06247603410653575,0.0920187644768557,1,06370.csv
B0018,2008-07-08 22:57:17,6,6.0,99.4,91.43,24,91.0,supervised,0.06247603410653575,0.0920187644768557,1,06372.csv
B0018,2008-07-09 02:56:41,7,7.0,99.0,91.06,24,90.0,supervised,0.06247603410653575,0.0920187644768557,1,06374.csv
B0018,2008-07-09 06:55:54,8,8.0,98.67,90.76,24,89.0,supervised,0.06247603410653575,0.0920187644768557,1,06376.csv
B0018,2008-07-09 11:26:41,9,9.0,98.08,90.21,24,88.0,supervised,0.062474705357662,0.0878449584531599,1,06379.csv
B0018,2008-07-10 16:34:39,10,10.0,99.1,91.16,24,87.0,supervised,0.062138460963810205,0.0898982221526576,1,06382.csv
B0018,2008-07-10 20:33:58,11,11.0,98.51,90.61,24,86.0,supervised,0.062138460963810205,0.0898982221526576,1,06384.csv
B0018,2008-07-11 00:30:25,12,12.0,98.1,90.23,24,85.0,supervised,0.062138460963810205,0.0898982221526576,1,06386.csv
B0018,2008-07-11 04:28:49,13,13.0,97.35,89.54,24,84.0,supervised,0.062138460963810205,0.0898982221526576,1,06388.csv
B0018,2008-07-11 08:59:08,14,14.0,96.95,89.17,24,83.0,supervised,0.06203995441459608,0.0879548425080303,1,06391.csv
B0018,2008-07-11 14:27:05,15,15.0,96.81,89.05,24,82.0,supervised,0.0619540663901553,0.0871066350454787,1,06394.csv
B0018,2008-07-11 18:25:27,16,16.0,96.28,88.56,24,81.0,supervised,0.0619540663901553,0.0871066350454787,1,06396.csv
B0018,2008-07-11 22:22:05,17,17.0,96.14,88.43,24,80.0,supervised,0.0619540663901553,0.0871066350454787,1,06398.csv
B0018,2008-07-12 02:18:11,18,18.0,95.33,87.68,24,79.0,supervised,0.0619540663901553,0.0871066350454787,1,06400.csv
B0018,2008-07-12 06:45:43,19,19.0,94.92,87.31,24,78.0,supervised,0.061853680185805254,0.0875492997393303,1,06403.csv
B0018,2008-07-12 11:15:36,20,20.0,94.46,86.88,24,77.0,supervised,0.061878047221296036,0.085709711905584,1,06406.csv
B0018,2008-07-12 15:13:28,21,21.0,94.12,86.58,24,76.0,supervised,0.061878047221296036,0.085709711905584,1,06408.csv
B0018,2008-07-12 18:52:45,22,22.0,92.88,85.43,24,75.0,supervised,0.061878047221296036,0.085709711905584,1,06410.csv
B0018,2008-07-12 22:50:29,23,23.0,93.03,85.57,24,74.0,supervised,0.061878047221296036,0.085709711905584,1,06412.csv
B0018,2008-07-13 03:19:05,24,24.0,92.82,85.38,24,73.0,supervised,0.061823830175299944,0.088484820718071,1,06415.csv
B0018,2008-07-14 13:08:20,25,25.0,95.09,87.46,24,72.0,supervised,0.06168465118108552,0.0868405589019254,1,06418.csv
B0018,2008-07-14 17:03:45,26,26.0,94.19,86.64,24,71.0,supervised,0.06168465118108552,0.0868405589019254,1,06420.csv
B0018,2008-07-14 20:57:32,27,27.0,93.62,86.11,24,70.0,supervised,0.06168465118108552,0.0868405589019254,1,06422.csv
B0018,2008-07-15 00:49:58,28,28.0,93.06,85.59,24,69.0,supervised,0.06168465118108552,0.0868405589019254,1,06424.csv
B0018,2008-07-15 05:14:47,29,29.0,92.37,84.96,24,68.0,supervised,0.061754440040125966,0.0850061597091283,1,06427.csv
B0018,2008-07-15 09:43:28,30,30.0,92.09,84.7,24,67.0,supervised,0.06170979061651995,0.0854432604918211,1,06430.csv
B0018,2008-07-15 13:36:47,31,31.0,91.43,84.1,24,66.0,supervised,0.06170979061651995,0.0854432604918211,1,06432.csv
B0018,2008-07-15 17:29:47,32,32.0,91.16,83.85,24,65.0,supervised,0.06170979061651995,0.0854432604918211,1,06434.csv
B0018,2008-07-15 21:21:30,33,33.0,90.54,83.28,24,64.0,supervised,0.06170979061651995,0.0854432604918211,1,06436.csv
B0018,2008-07-16 01:45:13,34,34.0,90.08,82.86,24,63.0,supervised,0.061766663730047786,0.0861108271576963,1,06439.csv
B0018,2008-07-16 06:12:34,35,35.0,89.6,82.41,24,62.0,supervised,0.06178104692704134,0.0841039159798283,1,06442.csv
B0018,2008-07-16 10:05:40,36,36.0,89.08,81.94,24,61.0,supervised,0.06178104692704134,0.0841039159798283,1,06444.csv
B0018,2008-07-16 13:57:42,37,37.0,88.48,81.38,24,60.0,supervised,0.06178104692704134,0.0841039159798283,1,06446.csv
B0018,2008-07-16 17:51:36,38,38.0,88.18,81.11,24,59.0,supervised,0.06178104692704134,0.0841039159798283,1,06448.csv
B0018,2008-07-16 22:13:57,39,39.0,87.74,80.7,24,58.0,supervised,0.06175665138144047,0.0871128650055224,1,06451.csv
B0018,2008-07-18 17:28:12,40,40.0,91.11,83.8,24,57.0,supervised,0.061799793217543635,0.0838112972640761,1,06454.csv
B0018,2008-07-18 21:19:44,41,41.0,89.66,82.47,24,56.0,supervised,0.061799793217543635,0.0838112972640761,1,06456.csv
B0018,2008-07-19 01:10:07,42,42.0,88.74,81.62,24,55.0,supervised,0.061799793217543635,0.0838112972640761,1,06458.csv
B0018,2008-07-19 05:01:04,43,43.0,87.87,80.82,24,54.0,supervised,0.061799793217543635,0.0838112972640761,1,06460.csv
B0018,2008-07-19 09:25:29,44,44.0,87.57,80.55,24,53.0,supervised,0.06173154612867494,0.0877848925885978,1,06463.csv
B0018,2008-07-19 13:53:00,45,45.0,86.73,79.77,24,52.0,supervised,0.06173447314041524,0.0851627893757878,1,06466.csv
B0018,2008-07-29 18:34:27,46,46.0,93.86,86.34,24,51.0,supervised,0.06173447314041524,0.0851627893757878,1,06469.csv
B0018,2008-07-29 22:21:53,47,47.0,93.31,85.83,24,50.0,supervised,0.06173447314041524,0.0851627893757878,1,06471.csv
B0018,2008-07-30 02:09:48,48,48.0,92.18,84.79,24,49.0,supervised,0.06173447314041524,0.0851627893757878,1,06473.csv
B0018,2008-07-30 05:57:02,49,49.0,91.2,83.89,24,48.0,supervised,0.06173447314041524,0.0851627893757878,1,06475.csv
B0018,2008-07-30 09:52:21,50,50.0,90.27,83.03,24,47.0,supervised,0.06173447314041524,0.0851627893757878,1,06477.csv
B0018,2008-07-30 19:28:07,51,51.0,90.59,83.32,24,46.0,supervised,0.06179949364446446,0.0860082471809912,1,06480.csv
B0018,2008-07-30 23:16:54,52,52.0,89.52,82.34,24,45.0,supervised,0.06179949364446446,0.0860082471809912,1,06482.csv
B0018,2008-07-31 02:46:18,53,53.0,88.38,81.29,24,44.0,supervised,0.06179949364446446,0.0860082471809912,1,06484.csv
B0018,2008-07-31 06:15:17,54,54.0,87.64,80.61,24,43.0,supervised,0.06179949364446446,0.0860082471809912,1,06486.csv
B0018,2008-07-31 10:10:14,55,55.0,87.29,80.29,24,42.0,supervised,0.06179949364446446,0.0860082471809912,1,06488.csv
B0018,2008-08-01 17:46:33,56,56.0,90.98,83.68,24,41.0,supervised,0.06179337109472104,0.0852251201269989,1,06493.csv
B0018,2008-08-01 21:32:12,57,57.0,89.17,82.02,24,40.0,supervised,0.06179337109472104,0.0852251201269989,1,06495.csv
B0018,2008-08-02 01:17:09,58,58.0,87.7,80.66,24,39.0,supervised,0.06179337109472104,0.0852251201269989,1,06497.csv
B0018,2008-08-02 05:03:55,59,59.0,86.55,79.6,24,38.0,supervised,0.06179337109472104,0.0852251201269989,1,06499.csv
B0018,2008-08-02 09:26:51,60,60.0,86.25,79.33,24,37.0,supervised,0.061812141510840087,0.0859882467642574,1,06502.csv
B0018,2008-08-02 13:55:03,61,61.0,85.89,79.0,24,36.0,supervised,0.061815496367358946,0.084880750149247,1,06505.csv
B0018,2008-08-02 17:41:59,62,62.0,85.03,78.21,24,35.0,supervised,0.061815496367358946,0.084880750149247,1,06507.csv
B0018,2008-08-02 21:29:24,63,63.0,84.56,77.78,24,34.0,supervised,0.061815496367358946,0.084880750149247,1,06509.csv
B0018,2008-08-03 01:16:07,64,64.0,83.72,77.01,24,33.0,supervised,0.061815496367358946,0.084880750149247,1,06511.csv
B0018,2008-08-03 05:39:11,65,65.0,83.29,76.61,24,32.0,supervised,0.06186459366704112,0.0884732058328667,1,06514.csv
B0018,2008-08-03 10:08:42,66,66.0,83.26,76.58,24,31.0,supervised,0.061883234400778905,0.085530754144125,1,06517.csv
B0018,2008-08-03 13:54:25,67,67.0,82.75,76.11,24,30.0,supervised,0.061883234400778905,0.085530754144125,1,06519.csv
B0018,2008-08-03 17:42:28,68,68.0,81.89,75.33,24,29.0,supervised,0.061883234400778905,0.085530754144125,1,06521.csv
B0018,2008-08-03 21:26:49,69,69.0,81.62,75.07,24,28.0,supervised,0.061883234400778905,0.085530754144125,1,06523.csv
B0018,2008-08-04 01:48:42,70,70.0,81.34,74.82,24,27.0,supervised,0.06190952706097876,0.090046169627389,1,06526.csv
B0018,2008-08-04 17:08:25,71,71.0,83.36,76.67,24,26.0,supervised,0.06194854850040443,0.0872013762847039,1,06529.csv
B0018,2008-08-04 20:55:13,72,72.0,82.84,76.19,24,25.0,supervised,0.06194854850040443,0.0872013762847039,1,06531.csv
B0018,2008-08-05 00:41:24,73,73.0,81.6,75.06,24,24.0,supervised,0.06194854850040443,0.0872013762847039,1,06533.csv
B0018,2008-08-05 04:27:50,74,74.0,81.13,74.62,24,23.0,supervised,0.06194854850040443,0.0872013762847039,1,06535.csv
B0018,2008-08-05 08:23:48,75,75.0,80.63,74.17,24,22.0,supervised,0.06194854850040443,0.0872013762847039,1,06537.csv
B0018,2008-08-05 12:50:42,76,76.0,80.49,74.04,24,21.0,supervised,0.06198913957820064,0.0879797666852718,1,06540.csv
B0018,2008-08-05 16:36:12,77,77.0,80.1,73.68,24,20.0,supervised,0.06198913957820064,0.0879797666852718,1,06542.csv
B0018,2008-08-05 20:21:46,78,78.0,79.8,73.4,24,19.0,supervised,0.06198913957820064,0.0879797666852718,1,06544.csv
B0018,2008-08-06 00:06:53,79,79.0,79.26,72.9,24,18.0,supervised,0.06198913957820064,0.0879797666852718,1,06546.csv
B0018,2008-08-06 04:27:52,80,80.0,78.71,72.39,24,17.0,supervised,0.06205752875306004,0.0910814973658125,1,06549.csv
B0018,2008-08-06 08:55:24,81,81.0,78.97,72.64,24,16.0,supervised,0.06208999235776053,0.0876297004096254,1,06552.csv
B0018,2008-08-06 12:40:42,82,82.0,78.42,72.13,24,15.0,supervised,0.06208999235776053,0.0876297004096254,1,06554.csv
B0018,2008-08-06 16:25:32,83,83.0,78.24,71.96,24,14.0,supervised,0.06208999235776053,0.0876297004096254,1,06556.csv
B0018,2008-08-06 20:09:11,84,84.0,77.66,71.43,24,13.0,supervised,0.06208999235776053,0.0876297004096254,1,06558.csv
B0018,2008-08-07 00:27:39,85,85.0,77.46,71.25,24,12.0,supervised,0.062108091105481544,0.0922488167541978,1,06561.csv
B0018,2008-08-07 19:05:53,86,86.0,79.9,73.49,24,11.0,supervised,0.062133252708272066,0.0887875504657166,1,06564.csv
B0018,2008-08-07 22:50:51,87,87.0,78.96,72.63,24,10.0,supervised,0.062133252708272066,0.0887875504657166,1,06566.csv
B0018,2008-08-08 02:32:53,88,88.0,78.43,72.14,24,9.0,supervised,0.062133252708272066,0.0887875504657166,1,06568.csv
B0018,2008-08-08 06:16:47,89,89.0,77.65,71.42,24,8.0,supervised,0.062133252708272066,0.0887875504657166,1,06570.csv
B0018,2008-08-08 10:14:50,90,90.0,76.94,70.77,24,7.0,supervised,0.062133252708272066,0.0887875504657166,1,06572.csv
B0018,2008-08-08 20:10:08,91,91.0,79.07,72.73,24,6.0,supervised,0.06221781786758987,0.0884263275530729,1,06575.csv
B0018,2008-08-08 23:54:01,92,92.0,77.64,71.42,24,5.0,supervised,0.06221781786758987,0.0884263275530729,1,06577.csv
B0018,2008-08-09 03:37:06,93,93.0,77.17,70.99,24,4.0,supervised,0.06221781786758987,0.0884263275530729,1,06579.csv
B0018,2008-08-09 07:19:59,94,94.0,76.95,70.78,24,3.0,supervised,0.06221781786758987,0.0884263275530729,1,06581.csv
B0018,2008-08-09 11:36:57,95,95.0,76.41,70.28,24,2.0,supervised,0.06226324867598536,0.0916416933004205,1,06584.csv
B0018,2008-08-09 15:59:02,96,96.0,76.56,70.42,24,1.0,supervised,0.06231333617640311,0.0868069025668704,1,06587.csv
B0018,2008-08-09 19:41:13,97,97.0,75.93,69.84,24,0.0,supervised,0.06231333617640311,0.0868069025668704,1,06589.csv
B0018,2008-08-09 23:22:00,98,98.0,75.75,69.68,24,0.0,supervised,0.06231333617640311,0.0868069025668704,1,06591.csv
B0018,2008-08-10 03:01:08,99,99.0,75.53,69.47,24,0.0,supervised,0.06231333617640311,0.0868069025668704,1,06593.csv
B0018,2008-08-10 07:19:08,100,100.0,74.94,68.93,24,0.0,supervised,0.062388362320760046,0.0925002319045349,1,06596.csv
B0018,2008-08-10 11:39:39,101,101.0,75.28,69.25,24,0.0,supervised,0.06245963228201304,0.0888408418585299,1,06599.csv
B0018,2008-08-10 15:21:25,102,102.0,74.49,68.52,24,0.0,supervised,0.06245963228201304,0.0888408418585299,1,06601.csv
B0018,2008-08-10 19:01:07,103,103.0,74.65,68.67,24,0.0,supervised,0.06245963228201304,0.0888408418585299,1,06603.csv
B0018,2008-08-10 22:40:10,104,104.0,74.36,68.4,24,0.0,supervised,0.06245963228201304,0.0888408418585299,1,06605.csv
B0018,2008-08-11 02:53:19,105,105.0,73.75,67.84,24,0.0,supervised,0.06254138518059742,0.0902436427818111,1,06608.csv
B0018,2008-08-14 13:04:49,106,106.0,79.39,73.02,24,0.0,supervised,0.06260733550523066,0.089572346161732,1,06611.csv
B0018,2008-08-14 16:49:56,107,107.0,78.83,72.5,24,0.0,supervised,0.06260733550523066,0.089572346161732,1,06613.csv
B0018,2008-08-14 20:29:23,108,108.0,78.18,71.91,24,0.0,supervised,0.06260733550523066,0.089572346161732,1,06615.csv
B0018,2008-08-15 00:08:59,109,109.0,77.65,71.42,24,0.0,supervised,0.06260733550523066,0.089572346161732,1,06617.csv
B0018,2008-08-15 03:59:10,110,110.0,76.91,70.74,24,0.0,supervised,0.06260733550523066,0.089572346161732,1,06619.csv
B0018,2008-08-15 08:19:52,111,111.0,76.86,70.69,24,0.0,supervised,0.0626816241716205,0.0893968694708912,1,06622.csv
B0018,2008-08-15 12:00:03,112,112.0,76.05,69.95,24,0.0,supervised,0.0626816241716205,0.0893968694708912,1,06624.csv
B0018,2008-08-15 15:37:16,113,113.0,75.85,69.77,24,0.0,supervised,0.0626816241716205,0.0893968694708912,1,06626.csv
B0018,2008-08-15 19:13:34,114,114.0,75.56,69.5,24,0.0,supervised,0.0626816241716205,0.0893968694708912,1,06628.csv
B0018,2008-08-15 23:27:04,115,115.0,75.34,69.3,24,0.0,supervised,0.06273710571871746,0.0913916544478255,1,06631.csv
B0018,2008-08-16 03:52:55,116,116.0,75.46,69.41,24,0.0,supervised,0.06274202597896554,0.0879110001707879,1,06634.csv
B0018,2008-08-16 07:37:37,117,117.0,74.81,68.81,24,0.0,supervised,0.06274202597896554,0.0879110001707879,1,06636.csv
B0018,2008-08-16 11:21:22,118,118.0,74.19,68.24,24,0.0,supervised,0.06274202597896554,0.0879110001707879,1,06638.csv
B0018,2008-08-16 15:02:56,119,119.0,73.87,67.95,24,0.0,supervised,0.06274202597896554,0.0879110001707879,1,06640.csv
B0018,2008-08-16 19:15:49,120,120.0,73.18,67.31,24,0.0,supervised,0.0627915463390707,0.0957073119737363,1,06643.csv
B0018,2008-08-18 14:27:16,121,121.0,77.56,71.34,24,0.0,supervised,0.06281049076913825,0.0911517651919058,1,06646.csv
B0018,2008-08-18 18:08:54,122,122.0,76.45,70.32,24,0.0,supervised,0.06281049076913825,0.0911517651919058,1,06648.csv
B0018,2008-08-18 21:48:48,123,123.0,75.75,69.67,24,0.0,supervised,0.06281049076913825,0.0911517651919058,1,06650.csv
B0018,2008-08-19 01:25:43,124,124.0,75.46,69.41,24,0.0,supervised,0.06281049076913825,0.0911517651919058,1,06652.csv
B0018,2008-08-19 05:17:05,125,125.0,74.48,68.51,24,0.0,supervised,0.06281049076913825,0.0911517651919058,1,06654.csv
B0018,2008-08-19 09:39:42,126,126.0,75.0,68.98,24,0.0,supervised,0.06285770788727896,0.0903487114950748,1,06657.csv
B0018,2008-08-19 13:17:33,127,127.0,74.4,68.43,24,0.0,supervised,0.06285770788727896,0.0903487114950748,1,06659.csv
B0018,2008-08-19 16:54:51,128,128.0,74.08,68.14,24,0.0,supervised,0.06285770788727896,0.0903487114950748,1,06661.csv
B0018,2008-08-19 20:32:20,129,129.0,74.11,68.17,24,0.0,supervised,0.06285770788727896,0.0903487114950748,1,06663.csv
B0018,2008-08-20 00:43:05,130,130.0,73.49,67.59,24,0.0,supervised,0.0629163011901172,0.0920096535708447,1,06666.csv
B0018,2008-08-20 05:02:00,131,131.0,73.65,67.74,24,0.0,supervised,0.06297577669058979,0.0889588507439178,1,06669.csv
B0018,2008-08-20 08:37:19,132,132.0,72.9,67.05,24,0.0,supervised,0.06297577669058979,0.0889588507439178,1,06671.csv
