battery_id,start_time,discharge_cycle_valid,SOH_nominal,Rct_last,impedance_available
B0005,2008-04-02 15:25:41,1.0,92.82,,0
B0005,2008-04-02 19:43:48,2.0,92.32,,0
B0005,2008-04-03 00:01:06,3.0,91.77,,0
B0005,2008-04-03 04:16:37,4.0,91.76,,0
B0005,2008-04-03 08:33:25,5.0,91.73,,0
B0005,2008-04-03 12:55:10,6.0,91.78,,0
B0005,2008-04-03 17:17:16,7.0,91.76,,0
B0005,2008-04-03 21:28:14,8.0,91.29,,0
B0005,2008-04-04 01:38:15,9.0,91.24,,0
B0005,2008-04-04 05:48:08,10.0,91.23,,0
B0005,2008-04-04 09:57:19,11.0,91.23,,0
B0005,2008-04-04 17:56:27,12.0,90.71,,0
B0005,2008-04-04 22:01:54,13.0,90.69,,0
B0005,2008-04-05 02:20:26,14.0,90.67,,0
B0005,2008-04-05 06:25:01,15.0,90.13,,0
B0005,2008-04-05 10:30:32,16.0,90.11,,0
B0005,2008-04-05 14:34:41,17.0,90.13,,0
B0005,2008-04-05 18:39:25,18.0,90.15,,0
B0005,2008-04-05 22:46:35,19.0,90.14,,0
B0005,2008-04-18 21:10:19,20.0,92.35,0.0694562730453699,1
B0005,2008-04-19 02:29:09,21.0,92.37,0.0679720560130687,1
B0005,2008-04-19 07:47:15,22.0,91.81,0.0685283289600032,1
B0005,2008-04-19 13:01:42,23.0,91.29,0.0680444951699617,1
B0005,2008-04-19 18:27:29,24.0,91.26,0.0684502122707276,1
B0005,2008-04-19 23:41:55,25.0,91.28,0.0683410113732366,1
B0005,2008-04-20 04:54:41,26.0,90.7,0.0686823765587221,1
B0005,2008-04-20 10:16:28,27.0,90.74,0.0681437253042456,1
B0005,2008-04-20 15:37:05,28.0,90.7,0.0678255571971684,1
B0005,2008-04-20 20:50:38,29.0,90.14,0.0688580524121343,1
B0005,2008-04-21 02:15:02,30.0,90.2,0.0677943469911627,1
B0005,2008-04-22 15:33:49,31.0,92.59,0.0694040818553967,1
B0005,2008-04-22 20:26:18,32.0,91.54,0.0699377430233672,1
B0005,2008-04-23 01:18:11,33.0,91.0,0.0695041754421432,1
B0005,2008-04-23 06:18:19,34.0,90.47,0.069661211991841,1
B0005,2008-04-23 11:08:00,35.0,90.23,0.0711294674960708,1
B0005,2008-04-23 16:06:25,36.0,89.97,0.0716707961231252,1
B0005,2008-04-23 21:02:58,37.0,89.42,0.0697669618355563,1
B0005,2008-04-24 01:51:33,38.0,89.15,0.0719248993978976,1
B0005,2008-04-24 06:50:00,39.0,88.65,0.0719378705603448,1
B0005,2008-04-24 11:49:24,40.0,88.65,0.0703395836124857,1
B0005,2008-04-24 16:45:56,41.0,88.39,0.0697381270154479,1
B0005,2008-04-24 21:38:11,42.0,88.12,0.0701251142477667,1
B0005,2008-04-25 12:03:44,43.0,88.38,0.0697134641311117,1
B0005,2008-04-25 20:03:55,44.0,88.13,0.0697134641311117,1
B0005,2008-04-26 01:04:35,45.0,87.59,0.073180098911682,1
B0005,2008-04-26 05:57:35,46.0,87.09,0.0716524732655295,1
B0005,2008-04-26 10:58:25,47.0,86.8,0.0724998374901,1
B0005,2008-04-29 12:15:56,48.0,89.68,0.0724998374901,1
B0005,2008-04-29 17:05:27,49.0,89.16,0.0701407541984291,1
B0005,2008-04-29 22:00:04,50.0,88.37,0.0711299384497784,1
B0005,2008-04-30 02:43:55,51.0,87.85,0.0719830276512561,1
B0005,2008-04-30 07:41:42,52.0,87.34,0.0714637439793728,1
B0005,2008-04-30 12:28:49,53.0,87.09,0.0708870426164587,1
B0005,2008-04-30 17:20:16,54.0,86.82,0.0717816850521735,1
B0005,2008-04-30 22:14:54,55.0,86.32,0.0718319241428618,1
B0005,2008-05-01 03:15:33,56.0,85.79,0.0713902715439566,1
B0005,2008-05-01 08:16:03,57.0,85.53,0.0724518691988788,1
B0005,2008-05-01 13:14:24,58.0,85.3,0.073040250995097,1
B0005,2008-05-01 18:11:10,59.0,85.02,0.07251082944035,1
B0005,2008-05-01 23:10:15,60.0,84.73,0.0720176209117095,1
B0005,2008-05-02 03:53:34,61.0,84.25,0.0731699361800272,1
B0005,2008-05-02 08:44:40,62.0,83.72,0.0727712073374357,1
B0005,2008-05-02 13:43:05,63.0,83.73,0.0727086679457494,1
B0005,2008-05-02 19:07:48,64.0,83.19,0.0730104108966134,1
B0005,2008-05-02 23:24:17,65.0,82.95,0.0730104108966134,1
B0005,2008-05-03 04:13:08,66.0,82.69,0.073436503616202,1
B0005,2008-05-03 09:10:19,67.0,82.13,0.0732133898164959,1
B0005,2008-05-03 14:04:34,68.0,81.89,0.074596186052064,1
B0005,2008-05-03 18:58:13,69.0,81.64,0.0745830977634214,1
B0005,2008-05-03 23:42:30,70.0,81.39,0.0736638387977965,1
B0005,2008-05-04 04:41:40,71.0,81.11,0.0737188582159762,1
B0005,2008-05-04 09:40:11,72.0,80.57,0.0746561776087558,1
B0005,2008-05-04 14:38:13,73.0,80.33,0.0735542582193973,1
B0005,2008-05-04 19:37:07,74.0,80.08,0.0746229428074614,1
B0005,2008-05-05 00:35:53,75.0,79.52,0.0736039114233682,1
B0005,2008-05-05 05:28:13,76.0,79.29,0.074642062777058,1
B0005,2008-05-05 11:41:31,77.0,79.25,0.0754771092928152,1
B0005,2008-05-05 20:40:08,78.0,79.78,0.0754771092928152,1
B0005,2008-05-06 01:38:46,79.0,78.74,0.0793440364411719,1
B0005,2008-05-06 06:37:06,80.0,78.25,0.0800235935822896,1
B0005,2008-05-06 11:25:21,81.0,77.99,0.0804500816192199,1
B0005,2008-05-06 16:23:36,82.0,77.97,0.0809952791439065,1
B0005,2008-05-06 21:21:49,83.0,77.73,0.0790061137619081,1
B0005,2008-05-07 02:17:25,84.0,77.44,0.0818149196701257,1
B0005,2008-05-07 07:04:02,85.0,76.91,0.0808669662369406,1
B0005,2008-05-07 12:01:49,86.0,76.4,0.0825010076441602,1
B0005,2008-05-07 16:59:29,87.0,76.43,0.0817505708315127,1
B0005,2008-05-07 21:56:09,88.0,76.13,0.0826941645735358,1
B0005,2008-05-08 02:53:49,89.0,75.87,0.082272625759776,1
B0005,2008-05-09 12:25:07,90.0,80.29,0.0829157329641766,1
B0005,2008-05-09 20:28:09,91.0,78.19,0.0761509211548619,1
B0005,2008-05-10 01:21:56,92.0,77.4,0.0809967398338894,1
B0005,2008-05-10 06:18:12,93.0,76.62,0.080792347724638,1
B0005,2008-05-10 11:16:04,94.0,76.35,0.0816166339541188,1
B0005,2008-05-10 16:11:56,95.0,75.85,0.0820304274361046,1
B0005,2008-05-10 21:07:54,96.0,75.59,0.0843093490529676,1
B0005,2008-05-11 02:05:21,97.0,75.33,0.081280778737871,1
B0005,2008-05-11 06:55:27,98.0,75.08,0.0827621596207595,1
B0005,2008-05-11 11:52:47,99.0,74.54,0.0838933915955351,1
B0005,2008-05-11 16:49:58,100.0,74.29,0.0823356083860003,1
B0005,2008-05-11 21:47:12,101.0,74.02,0.0825995740858869,1
B0005,2008-05-12 02:36:58,102.0,73.76,0.0836176940705274,1
B0005,2008-05-12 12:56:34,103.0,74.3,0.0845362995717969,1
B0005,2008-05-12 18:59:59,104.0,74.8,0.0781662290360033,1
B0005,2008-05-12 23:53:17,105.0,74.04,0.0837734664524804,1
B0005,2008-05-13 04:35:25,106.0,73.49,0.0836115676360818,1
B0005,2008-05-13 09:24:04,107.0,72.7,0.0837056242203838,1
B0005,2008-05-13 14:20:24,108.0,72.71,0.0843513765148262,1
B0005,2008-05-13 19:04:20,109.0,72.75,0.0832805147674182,1
B0005,2008-05-13 23:59:26,110.0,72.45,0.0831904359131708,1
B0005,2008-05-14 04:55:57,111.0,71.93,0.0848701138092932,1
B0005,2008-05-14 09:52:22,112.0,71.67,0.0847391766373357,1
B0005,2008-05-14 14:35:22,113.0,71.67,0.0871172135034907,1
B0005,2008-05-14 19:31:39,114.0,71.4,0.0849090277748801,1
B0005,2008-05-15 00:27:55,115.0,71.15,0.0847995018360561,1
B0005,2008-05-15 05:24:04,116.0,70.87,0.0851877517168028,1
B0005,2008-05-15 10:20:03,117.0,70.62,0.086329382369691,1
B0005,2008-05-15 15:10:59,118.0,70.63,0.0850211189952597,1
B0005,2008-05-15 19:56:47,119.0,70.38,0.0848557762027261,1
B0005,2008-05-16 16:54:59,120.0,71.67,0.0850345675980089,1
B0005,2008-05-16 21:37:39,121.0,71.91,0.0850345675980089,1
B0005,2008-05-17 02:32:13,122.0,70.87,0.0858397688242258,1
B0005,2008-05-17 07:25:19,123.0,70.35,0.0858843611487287,1
B0005,2008-05-17 12:21:15,124.0,70.06,0.0882216113892046,1
B0005,2008-05-17 17:15:37,125.0,69.84,0.0872699062901812,1
B0005,2008-05-17 22:10:51,126.0,69.56,0.0872037829252581,1
B0005,2008-05-18 03:05:19,127.0,69.31,0.0872819262712242,1
B0005,2008-05-18 08:00:50,128.0,69.02,0.0867911180985442,1
B0005,2008-05-18 12:44:48,129.0,68.76,0.0883779260119075,1
B0005,2008-05-18 17:36:29,130.0,68.53,0.0869792218467831,1
B0005,2008-05-18 22:31:45,131.0,68.53,0.088522345692425,1
B0005,2008-05-19 03:27:07,132.0,68.24,0.0892308757094791,1
B0005,2008-05-19 15:34:33,133.0,68.77,0.0883872445764871,1
B0005,2008-05-19 20:59:48,134.0,69.31,0.0883872445764871,1
B0005,2008-05-20 01:16:42,135.0,68.49,0.0883872445764871,1
B0005,2008-05-20 06:12:06,136.0,68.24,0.0815685656842147,1
B0005,2008-05-20 11:07:23,137.0,67.72,0.0827569341149588,1
B0005,2008-05-20 15:57:27,138.0,67.73,0.0822632105400608,1
B0005,2008-05-20 20:50:39,139.0,67.74,0.0802980949053397,1
B0005,2008-05-21 01:39:38,140.0,67.47,0.0819223123309917,1
B0005,2008-05-21 06:24:27,141.0,67.21,0.0817739908657299,1
B0005,2008-05-21 11:18:06,142.0,66.95,0.0832806716843878,1
B0005,2008-05-21 16:10:21,143.0,66.95,0.0829501208969064,1
B0005,2008-05-21 21:02:09,144.0,66.7,0.0819030322921605,1
B0005,2008-05-22 01:42:59,145.0,66.43,0.0829467411842261,1
B0005,2008-05-22 06:32:40,146.0,66.16,0.0823749011789342,1
B0005,2008-05-22 11:23:22,147.0,65.91,0.0844856223082752,1
B0005,2008-05-22 16:17:58,148.0,65.92,0.0830662312193171,1
B0005,2008-05-22 20:59:50,149.0,65.91,0.0833563552790388,1
B0005,2008-05-23 12:13:16,150.0,66.19,0.0883688518598075,1
B0005,2008-05-23 20:14:29,151.0,68.01,0.0807877386784969,1
B0005,2008-05-24 01:09:21,152.0,66.98,0.0849639039583958,1
B0005,2008-05-24 06:00:20,153.0,66.45,0.0872083312129923,1
B0005,2008-05-24 10:42:50,154.0,66.18,0.0877786866945486,1
B0005,2008-05-24 15:31:10,155.0,65.93,0.0884300775522404,1
B0005,2008-05-24 20:21:13,156.0,65.67,0.0858437497371109,1
B0005,2008-05-25 01:06:49,157.0,65.66,0.0866248363959436,1
B0005,2008-05-25 05:57:17,158.0,65.39,0.0863688291866818,1
B0005,2008-05-25 10:51:37,159.0,65.15,0.0882183154162739,1
B0005,2008-05-25 15:37:08,160.0,65.17,0.0887302979407742,1
B0005,2008-05-25 20:23:04,161.0,65.17,0.0875362397797066,1
B0005,2008-05-26 01:13:02,162.0,64.89,0.0885380186023552,1
B0005,2008-05-26 06:01:08,163.0,64.9,0.0889051987685422,1
B0005,2008-05-26 10:44:38,164.0,64.67,0.0847212726764891,1
B0005,2008-05-26 15:30:43,165.0,64.4,0.0857362189277121,1
B0005,2008-05-26 20:21:04,166.0,64.37,0.0874238934793032,1
B0005,2008-05-27 15:52:41,167.0,65.45,0.0897568704647984,1
B0005,2008-05-27 20:45:42,168.0,66.25,0.0897568704647984,1
B0006,2008-04-02 15:25:41,1.0,101.77,,0
B0006,2008-04-02 19:43:48,2.0,101.26,,0
B0006,2008-04-03 00:01:06,3.0,100.67,,0
B0006,2008-04-03 04:16:37,4.0,100.66,,0
B0006,2008-04-03 08:33:25,5.0,100.03,,0
B0006,2008-04-03 12:55:10,6.0,100.69,,0
B0006,2008-04-03 17:17:16,7.0,100.66,,0
B0006,2008-04-03 21:28:14,8.0,98.44,,0
B0006,2008-04-04 01:38:15,9.0,98.41,,0
B0006,2008-04-04 05:48:08,10.0,97.86,,0
B0006,2008-04-04 09:57:19,11.0,97.28,,0
B0006,2008-04-04 17:56:27,12.0,96.74,,0
B0006,2008-04-04 22:01:54,13.0,96.16,,0
B0006,2008-04-05 02:20:26,14.0,95.59,,0
B0006,2008-04-05 06:25:01,15.0,95.05,,0
B0006,2008-04-05 10:30:32,16.0,94.46,,0
B0006,2008-04-05 14:34:41,17.0,93.91,,0
B0006,2008-04-05 18:39:25,18.0,93.38,,0
B0006,2008-04-05 22:46:35,19.0,93.38,,0
B0006,2008-04-18 21:10:19,20.0,98.98,0.0785415394665875,1
B0006,2008-04-19 02:29:09,21.0,97.88,0.0780240937829042,1
B0006,2008-04-19 07:47:15,22.0,97.29,0.078402402030253,1
B0006,2008-04-19 13:01:42,23.0,96.21,0.0780709338220486,1
B0006,2008-04-19 18:27:29,24.0,97.3,0.0779557075787303,1
B0006,2008-04-19 23:41:55,25.0,95.07,0.0793818256613338,1
B0006,2008-04-20 04:54:41,26.0,93.93,0.0794940929426612,1
B0006,2008-04-20 10:16:28,27.0,93.42,0.0787121835729847,1
B0006,2008-04-20 15:37:05,28.0,92.8,0.0798953392291199,1
B0006,2008-04-20 20:50:38,29.0,92.26,0.0797490751361702,1
B0006,2008-04-21 02:15:02,30.0,92.86,0.0801450681587133,1
B0006,2008-04-22 15:33:49,31.0,96.24,0.0816430296477719,1
B0006,2008-04-22 20:26:18,32.0,94.11,0.0802116916237253,1
B0006,2008-04-23 01:18:11,33.0,92.76,0.0812080578761546,1
B0006,2008-04-23 06:18:19,34.0,91.96,0.0815016521658017,1
B0006,2008-04-23 11:08:00,35.0,90.93,0.0813876104403678,1
B0006,2008-04-23 16:06:25,36.0,90.67,0.0816912469233858,1
B0006,2008-04-23 21:02:58,37.0,89.86,0.0813161008134317,1
B0006,2008-04-24 01:51:33,38.0,89.05,0.0812043516055386,1
B0006,2008-04-24 06:50:00,39.0,88.55,0.0834715784465107,1
B0006,2008-04-24 11:49:24,40.0,88.02,0.0838548867166324,1
B0006,2008-04-24 16:45:56,41.0,87.51,0.082015904986437,1
B0006,2008-04-24 21:38:11,42.0,86.97,0.0821657170874893,1
B0006,2008-04-25 12:03:44,43.0,87.73,0.0822751953989806,1
B0006,2008-04-25 20:03:55,44.0,88.3,0.0822751953989806,1
B0006,2008-04-26 01:04:35,45.0,86.69,0.0831917770388853,1
B0006,2008-04-26 05:57:35,46.0,85.67,0.0842684807349334,1
B0006,2008-04-26 10:58:25,47.0,85.12,0.0839721783477321,1
B0006,2008-04-29 12:15:56,48.0,91.19,0.0839721783477321,1
B0006,2008-04-29 17:05:27,49.0,90.41,0.0803422930093306,1
B0006,2008-04-29 22:00:04,50.0,88.79,0.0823636397717541,1
B0006,2008-04-30 02:43:55,51.0,87.24,0.0821410228199839,1
B0006,2008-04-30 07:41:42,52.0,86.46,0.0829695672555505,1
B0006,2008-04-30 12:28:49,53.0,85.41,0.083905581872106,1
B0006,2008-04-30 17:20:16,54.0,84.88,0.0833208029616876,1
B0006,2008-04-30 22:14:54,55.0,84.1,0.0847815533935232,1
B0006,2008-05-01 03:15:33,56.0,83.57,0.0841849219613237,1
B0006,2008-05-01 08:16:03,57.0,83.04,0.0860504140343909,1
B0006,2008-05-01 13:14:24,58.0,82.56,0.0867482199337119,1
B0006,2008-05-01 18:11:10,59.0,82.01,0.087205582998911,1
B0006,2008-05-01 23:10:15,60.0,81.46,0.0871283409737494,1
B0006,2008-05-02 03:53:34,61.0,80.44,0.0875628563316522,1
B0006,2008-05-02 08:44:40,62.0,80.18,0.0882085911331916,1
B0006,2008-05-02 13:43:05,63.0,79.95,0.0883150961530336,1
B0006,2008-05-02 19:07:48,64.0,79.38,0.0885796818139071,1
B0006,2008-05-02 23:24:17,65.0,79.15,0.0885796818139071,1
B0006,2008-05-03 04:13:08,66.0,78.36,0.0895032370200492,1
B0006,2008-05-03 09:10:19,67.0,78.07,0.089810213906633,1
B0006,2008-05-03 14:04:34,68.0,77.56,0.0909328266072082,1
B0006,2008-05-03 18:58:13,69.0,77.03,0.0909751873219429,1
B0006,2008-05-03 23:42:30,70.0,76.27,0.0923241095524087,1
B0006,2008-05-04 04:41:40,71.0,76.51,0.092016689540834,1
B0006,2008-05-04 09:40:11,72.0,76.23,0.0925822548520223,1
B0006,2008-05-04 14:38:13,73.0,75.73,0.0934909607320899,1
B0006,2008-05-04 19:37:07,74.0,75.47,0.0938773051851886,1
B0006,2008-05-05 00:35:53,75.0,75.2,0.0941862300129836,1
B0006,2008-05-05 05:28:13,76.0,74.68,0.093439801192804,1
B0006,2008-05-05 11:41:31,77.0,74.38,0.0956134300233157,1
B0006,2008-05-05 20:40:08,78.0,76.51,0.0956134300233157,1
B0006,2008-05-06 01:38:46,79.0,75.2,0.0950867440401892,1
B0006,2008-05-06 06:37:06,80.0,74.44,0.0954114747516299,1
B0006,2008-05-06 11:25:21,81.0,73.91,0.0958005363424977,1
B0006,2008-05-06 16:23:36,82.0,73.92,0.0953017663720588,1
B0006,2008-05-06 21:21:49,83.0,73.66,0.0945481312063891,1
B0006,2008-05-07 02:17:25,84.0,73.38,0.0955803390819771,1
B0006,2008-05-07 07:04:02,85.0,72.58,0.0963748469082876,1
B0006,2008-05-07 12:01:49,86.0,72.6,0.0969330859249994,1
B0006,2008-05-07 16:59:29,87.0,72.36,0.0968587759009549,1
B0006,2008-05-07 21:56:09,88.0,72.34,0.0966015913982298,1
B0006,2008-05-08 02:53:49,89.0,72.08,0.0974074142043939,1
B0006,2008-05-09 12:25:07,90.0,79.68,0.0961492059978541,1
B0006,2008-05-09 20:28:09,91.0,77.32,0.0904819625026011,1
B0006,2008-05-10 01:21:56,92.0,75.74,0.0930529362512398,1
B0006,2008-05-10 06:18:12,93.0,74.95,0.0936702392745788,1
B0006,2008-05-10 11:16:04,94.0,74.16,0.0944034597636557,1
B0006,2008-05-10 16:11:56,95.0,73.65,0.0950709227361693,1
B0006,2008-05-10 21:07:54,96.0,73.14,0.0954683161052524,1
B0006,2008-05-11 02:05:21,97.0,72.59,0.0967891593710254,1
B0006,2008-05-11 06:55:27,98.0,72.34,0.0973154810605629,1
B0006,2008-05-11 11:52:47,99.0,72.07,0.097423700411414,1
B0006,2008-05-11 16:49:58,100.0,71.56,0.0961826751217128,1
B0006,2008-05-11 21:47:12,101.0,71.3,0.0980060822404009,1
B0006,2008-05-12 02:36:58,102.0,71.02,0.0975442065322093,1
B0006,2008-05-12 12:56:34,103.0,71.04,0.098167563773746,1
B0006,2008-05-12 18:59:59,104.0,72.61,0.0940003961459088,1
B0006,2008-05-12 23:53:17,105.0,71.58,0.0968201170137169,1
B0006,2008-05-13 04:35:25,106.0,70.75,0.0978484060677772,1
B0006,2008-05-13 09:24:04,107.0,70.49,0.0987207477814379,1
B0006,2008-05-13 14:20:24,108.0,70.25,0.098555954977838,1
B0006,2008-05-13 19:04:20,109.0,69.76,0.0979458341330775,1
B0006,2008-05-13 23:59:26,110.0,69.73,0.0979426342024937,1
B0006,2008-05-14 04:55:57,111.0,69.47,0.0978280397199374,1
B0006,2008-05-14 09:52:22,112.0,69.19,0.100297485432866,1
B0006,2008-05-14 14:35:22,113.0,68.68,0.1002855268895236,1
B0006,2008-05-14 19:31:39,114.0,68.93,0.1003482635430065,1
B0006,2008-05-15 00:27:55,115.0,68.69,0.0990365839748105,1
B0006,2008-05-15 05:24:04,116.0,68.41,0.1006790823074739,1
B0006,2008-05-15 10:20:03,117.0,68.17,0.1003809603504959,1
B0006,2008-05-15 15:10:59,118.0,67.9,0.1003434135011964,1
B0006,2008-05-15 19:56:47,119.0,67.66,0.0986748779007716,1
B0006,2008-05-16 16:54:59,120.0,69.21,0.0998851845039756,1
B0006,2008-05-16 21:37:39,121.0,70.26,0.0998851845039756,1
B0006,2008-05-17 02:32:13,122.0,68.94,0.100329706643873,1
B0006,2008-05-17 07:25:19,123.0,68.41,0.1011607325689791,1
B0006,2008-05-17 12:21:15,124.0,67.87,0.1014589241819508,1
B0006,2008-05-17 17:15:37,125.0,67.62,0.100603352458913,1
B0006,2008-05-17 22:10:51,126.0,67.37,0.1025451876366216,1
B0006,2008-05-18 03:05:19,127.0,66.85,0.1013873791642721,1
B0006,2008-05-18 08:00:50,128.0,66.56,0.1014317733775896,1
B0006,2008-05-18 12:44:48,129.0,66.3,0.1028088756204259,1
B0006,2008-05-18 17:36:29,130.0,66.08,0.1020749534936402,1
B0006,2008-05-18 22:31:45,131.0,66.06,0.1024320211016061,1
B0006,2008-05-19 03:27:07,132.0,65.78,0.10259630569279,1
B0006,2008-05-19 15:34:33,133.0,66.05,0.1030180047578761,1
B0006,2008-05-19 20:59:48,134.0,67.37,0.1030180047578761,1
B0006,2008-05-20 01:16:42,135.0,66.3,0.1030180047578761,1
B0006,2008-05-20 06:12:06,136.0,65.51,0.102092852503947,1
B0006,2008-05-20 11:07:23,137.0,65.26,0.1012304992482019,1
B0006,2008-05-20 15:57:27,138.0,65.02,0.1017004816081313,1
B0006,2008-05-20 20:50:39,139.0,65.01,0.1019511695754428,1
B0006,2008-05-21 01:39:38,140.0,64.48,0.1033905552179119,1
B0006,2008-05-21 06:24:27,141.0,63.96,0.1019022250061564,1
B0006,2008-05-21 11:18:06,142.0,63.96,0.1021279987143925,1
B0006,2008-05-21 16:10:21,143.0,63.7,0.1023480972991154,1
B0006,2008-05-21 21:02:09,144.0,63.71,0.103165304469953,1
B0006,2008-05-22 01:42:59,145.0,63.19,0.1017155778229261,1
B0006,2008-05-22 06:32:40,146.0,62.91,0.1039905059221312,1
B0006,2008-05-22 11:23:22,147.0,62.66,0.1027814179991246,1
B0006,2008-05-22 16:17:58,148.0,62.66,0.1041063706998522,1
B0006,2008-05-22 20:59:50,149.0,62.4,0.1049438515440013,1
B0006,2008-05-23 12:13:16,150.0,62.67,0.1064712631533319,1
B0006,2008-05-23 20:14:29,151.0,64.49,0.0976349035137695,1
B0006,2008-05-24 01:09:21,152.0,63.18,0.1013128184675522,1
B0006,2008-05-24 06:00:20,153.0,62.4,0.1026311415061905,1
B0006,2008-05-24 10:42:50,154.0,61.61,0.1033762243070195,1
B0006,2008-05-24 15:31:10,155.0,61.36,0.104593793917714,1
B0006,2008-05-24 20:21:13,156.0,61.09,0.1041567019889631,1
B0006,2008-05-25 01:06:49,157.0,60.56,0.1049894160585908,1
B0006,2008-05-25 05:57:17,158.0,60.28,0.1062555849514584,1
B0006,2008-05-25 10:51:37,159.0,60.04,0.1032519942992523,1
B0006,2008-05-25 15:37:08,160.0,59.53,0.1047311376075346,1
B0006,2008-05-25 20:23:04,161.0,59.26,0.1041059746959914,1
B0006,2008-05-26 01:13:02,162.0,58.98,0.1043025357256912,1
B0006,2008-05-26 06:01:08,163.0,58.73,0.1054502286771071,1
B0006,2008-05-26 10:44:38,164.0,57.69,0.1050583889524579,1
B0006,2008-05-26 15:30:43,165.0,58.22,0.1055258410926404,1
B0006,2008-05-26 20:21:04,166.0,57.94,0.1066836025369429,1
B0006,2008-05-27 15:52:41,167.0,58.75,0.1058981228130979,1
B0006,2008-05-27 20:45:42,168.0,59.28,0.1058981228130979,1
B0007,2008-04-02 15:25:41,1.0,94.55,,0
B0007,2008-04-02 19:43:48,2.0,94.03,,0
B0007,2008-04-03 00:01:06,3.0,94.03,,0
B0007,2008-04-03 04:16:37,4.0,94.04,,0
B0007,2008-04-03 08:33:25,5.0,93.97,,0
B0007,2008-04-03 12:55:10,6.0,94.04,,0
B0007,2008-04-03 17:17:16,7.0,94.0,,0
B0007,2008-04-03 21:28:14,8.0,94.08,,0
B0007,2008-04-04 01:38:15,9.0,93.48,,0
B0007,2008-04-04 05:48:08,10.0,93.5,,0
B0007,2008-04-04 09:57:19,11.0,93.5,,0
B0007,2008-04-04 17:56:27,12.0,92.98,,0
B0007,2008-04-04 22:01:54,13.0,92.95,,0
B0007,2008-04-05 02:20:26,14.0,92.95,,0
B0007,2008-04-05 06:25:01,15.0,92.97,,0
B0007,2008-04-05 10:30:32,16.0,92.94,,0
B0007,2008-04-05 14:34:41,17.0,92.39,,0
B0007,2008-04-05 18:39:25,18.0,92.43,,0
B0007,2008-04-05 22:46:35,19.0,92.42,,0
B0007,2008-04-18 21:10:19,20.0,94.04,0.0615809457422944,1
B0007,2008-04-19 02:29:09,21.0,94.07,0.0618065433968296,1
B0007,2008-04-19 07:47:15,22.0,94.05,0.0610013038468072,1
B0007,2008-04-19 13:01:42,23.0,93.55,0.0600756510818989,1
B0007,2008-04-19 18:27:29,24.0,93.51,0.061293760421866,1
B0007,2008-04-19 23:41:55,25.0,93.53,0.0600731341862481,1
B0007,2008-04-20 04:54:41,26.0,92.98,0.0612330724542185,1
B0007,2008-04-20 10:16:28,27.0,93.0,0.0605706911170167,1
B0007,2008-04-20 15:37:05,28.0,92.96,0.0613173760292053,1
B0007,2008-04-20 20:50:38,29.0,92.41,0.06032875855026,1
B0007,2008-04-21 02:15:02,30.0,92.46,0.061034792696747,1
B0007,2008-04-22 15:33:49,31.0,94.17,0.0684835665334699,1
B0007,2008-04-22 20:26:18,32.0,93.14,0.0644560882097745,1
B0007,2008-04-23 01:18:11,33.0,92.6,0.0641415094761317,1
B0007,2008-04-23 06:18:19,34.0,92.35,0.0633375503455221,1
B0007,2008-04-23 11:08:00,35.0,91.84,0.0639722520595072,1
B0007,2008-04-23 16:06:25,36.0,91.86,0.0629222353152032,1
B0007,2008-04-23 21:02:58,37.0,91.58,0.0633885849281959,1
B0007,2008-04-24 01:51:33,38.0,91.06,0.0644668961248353,1
B0007,2008-04-24 06:50:00,39.0,90.83,0.0628098792567102,1
B0007,2008-04-24 11:49:24,40.0,90.57,0.0640930962913017,1
B0007,2008-04-24 16:45:56,41.0,90.58,0.0629074367397784,1
B0007,2008-04-24 21:38:11,42.0,90.3,0.0618301881415941,1
B0007,2008-04-25 12:03:44,43.0,90.66,0.0630831687308314,1
B0007,2008-04-25 20:03:55,44.0,90.31,0.0630831687308314,1
B0007,2008-04-26 01:04:35,45.0,89.79,0.0693869640088942,1
B0007,2008-04-26 05:57:35,46.0,89.29,0.0692805173920436,1
B0007,2008-04-26 10:58:25,47.0,89.02,0.0696653302556868,1
B0007,2008-04-29 12:15:56,48.0,90.75,0.0696653302556868,1
B0007,2008-04-29 17:05:27,49.0,90.79,0.0696851437062246,1
B0007,2008-04-29 22:00:04,50.0,90.01,0.0698864194438785,1
B0007,2008-04-30 02:43:55,51.0,89.52,0.0703725401221073,1
B0007,2008-04-30 07:41:42,52.0,89.02,0.0704800798689803,1
B0007,2008-04-30 12:28:49,53.0,88.77,0.0703495236965677,1
B0007,2008-04-30 17:20:16,54.0,88.51,0.0709596027580753,1
B0007,2008-04-30 22:14:54,55.0,88.0,0.0698875047977575,1
B0007,2008-05-01 03:15:33,56.0,87.48,0.0695963747092475,1
B0007,2008-05-01 08:16:03,57.0,87.48,0.0710980516940997,1
B0007,2008-05-01 13:14:24,58.0,87.25,0.0708925113800405,1
B0007,2008-05-01 18:11:10,59.0,86.98,0.0709769157630702,1
B0007,2008-05-01 23:10:15,60.0,86.43,0.0702287371303744,1
B0007,2008-05-02 03:53:34,61.0,86.2,0.0718940740392593,1
B0007,2008-05-02 08:44:40,62.0,85.7,0.0701260512880205,1
B0007,2008-05-02 13:43:05,63.0,85.7,0.0690776187517649,1
B0007,2008-05-02 19:07:48,64.0,85.18,0.0708375336017697,1
B0007,2008-05-02 23:24:17,65.0,85.2,0.0708375336017697,1
B0007,2008-05-03 04:13:08,66.0,84.68,0.0722437532116874,1
B0007,2008-05-03 09:10:19,67.0,84.38,0.0714779278737494,1
B0007,2008-05-03 14:04:34,68.0,84.15,0.0728151127537102,1
B0007,2008-05-03 18:58:13,69.0,83.9,0.0718369324871002,1
B0007,2008-05-03 23:42:30,70.0,83.66,0.0721211408379768,1
B0007,2008-05-04 04:41:40,71.0,83.37,0.0726378441172666,1
B0007,2008-05-04 09:40:11,72.0,83.11,0.0734441725850627,1
B0007,2008-05-04 14:38:13,73.0,82.87,0.0738193663609285,1
B0007,2008-05-04 19:37:07,74.0,82.63,0.0725560099161744,1
B0007,2008-05-05 00:35:53,75.0,82.36,0.0728986838603586,1
B0007,2008-05-05 05:28:13,76.0,81.82,0.072023713051489,1
B0007,2008-05-05 11:41:31,77.0,81.81,0.0722347055628345,1
B0007,2008-05-05 20:40:08,78.0,82.06,0.0722347055628345,1
B0007,2008-05-06 01:38:46,79.0,81.58,0.0744961098767474,1
B0007,2008-05-06 06:37:06,80.0,81.06,0.0740377027178474,1
B0007,2008-05-06 11:25:21,81.0,80.82,0.0719367446163898,1
B0007,2008-05-06 16:23:36,82.0,80.79,0.0740047112077274,1
B0007,2008-05-06 21:21:49,83.0,80.84,0.074631884295366,1
B0007,2008-05-07 02:17:25,84.0,80.54,0.0753033577103886,1
B0007,2008-05-07 07:04:02,85.0,80.03,0.0749637852079893,1
B0007,2008-05-07 12:01:49,86.0,79.8,0.07541159661766,1
B0007,2008-05-07 16:59:29,87.0,79.81,0.0749649652243977,1
B0007,2008-05-07 21:56:09,88.0,79.79,0.0746990678040035,1
B0007,2008-05-08 02:53:49,89.0,79.53,0.0753948401341443,1
B0007,2008-05-09 12:25:07,90.0,84.44,0.0770592019906943,1
B0007,2008-05-09 20:28:09,91.0,81.3,0.0766648164177507,1
B0007,2008-05-10 01:21:56,92.0,80.79,0.0755833501431638,1
B0007,2008-05-10 06:18:12,93.0,80.28,0.0757426277404382,1
B0007,2008-05-10 11:16:04,94.0,79.75,0.0760586204874903,1
B0007,2008-05-10 16:11:56,95.0,79.52,0.0768769249386572,1
B0007,2008-05-10 21:07:54,96.0,79.27,0.078843810663738,1
B0007,2008-05-11 02:05:21,97.0,79.0,0.0778542051961001,1
B0007,2008-05-11 06:55:27,98.0,78.76,0.0782110561479581,1
B0007,2008-05-11 11:52:47,99.0,78.49,0.0781986731221035,1
B0007,2008-05-11 16:49:58,100.0,78.51,0.0779984052656677,1
B0007,2008-05-11 21:47:12,101.0,78.26,0.0775560564519399,1
B0007,2008-05-12 02:36:58,102.0,77.98,0.0784910399188112,1
B0007,2008-05-12 12:56:34,103.0,78.25,0.0786387336039181,1
B0007,2008-05-12 18:59:59,104.0,78.75,0.0753777591799645,1
B0007,2008-05-12 23:53:17,105.0,78.26,0.0781727897082057,1
B0007,2008-05-13 04:35:25,106.0,77.99,0.07816806645061,1
B0007,2008-05-13 09:24:04,107.0,77.49,0.0765105461461317,1
B0007,2008-05-13 14:20:24,108.0,77.19,0.0772564945442686,1
B0007,2008-05-13 19:04:20,109.0,77.25,0.0772347715207363,1
B0007,2008-05-13 23:59:26,110.0,77.23,0.0790184155558609,1
B0007,2008-05-14 04:55:57,111.0,76.72,0.0799393133533925,1
B0007,2008-05-14 09:52:22,112.0,76.44,0.0794231222611038,1
B0007,2008-05-14 14:35:22,113.0,76.45,0.0787648472687548,1
B0007,2008-05-14 19:31:39,114.0,76.45,0.0780670117184084,1
B0007,2008-05-15 00:27:55,115.0,76.2,0.0782426980033324,1
B0007,2008-05-15 05:24:04,116.0,75.93,0.0780883773855803,1
B0007,2008-05-15 10:20:03,117.0,75.68,0.0811431379239443,1
B0007,2008-05-15 15:10:59,118.0,75.68,0.0788722076648629,1
B0007,2008-05-15 19:56:47,119.0,75.7,0.0800568561357903,1
B0007,2008-05-16 16:54:59,120.0,76.7,0.0779198353747232,1
B0007,2008-05-16 21:37:39,121.0,76.96,0.0779198353747232,1
B0007,2008-05-17 02:32:13,122.0,76.18,0.0799132720597221,1
B0007,2008-05-17 07:25:19,123.0,75.68,0.0818531945758062,1
B0007,2008-05-17 12:21:15,124.0,75.39,0.0808666905560647,1
B0007,2008-05-17 17:15:37,125.0,75.16,0.081538403561654,1
B0007,2008-05-17 22:10:51,126.0,74.89,0.0820660023586674,1
B0007,2008-05-18 03:05:19,127.0,74.64,0.0829334777035948,1
B0007,2008-05-18 08:00:50,128.0,74.62,0.0826880652178822,1
B0007,2008-05-18 12:44:48,129.0,74.37,0.0829417400304377,1
B0007,2008-05-18 17:36:29,130.0,74.13,0.0823903452866173,1
B0007,2008-05-18 22:31:45,131.0,74.14,0.0816566640960627,1
B0007,2008-05-19 03:27:07,132.0,73.85,0.0839742832388461,1
B0007,2008-05-19 15:34:33,133.0,74.1,0.083735413702951,1
B0007,2008-05-19 20:59:48,134.0,74.91,0.083735413702951,1
B0007,2008-05-20 01:16:42,135.0,74.1,0.083735413702951,1
B0007,2008-05-20 06:12:06,136.0,73.86,0.0819690564666934,1
B0007,2008-05-20 11:07:23,137.0,73.6,0.0817127037862085,1
B0007,2008-05-20 15:57:27,138.0,73.61,0.0828220199551595,1
B0007,2008-05-20 20:50:39,139.0,73.35,0.0871263036916229,1
B0007,2008-05-21 01:39:38,140.0,73.09,0.0896123973508008,1
B0007,2008-05-21 06:24:27,141.0,72.83,0.0892312868292601,1
B0007,2008-05-21 11:18:06,142.0,72.57,0.0882787478820197,1
B0007,2008-05-21 16:10:21,143.0,72.58,0.0906646821085215,1
B0007,2008-05-21 21:02:09,144.0,72.34,0.0903675648803086,1
B0007,2008-05-22 01:42:59,145.0,72.34,0.0899370098322776,1
B0007,2008-05-22 06:32:40,146.0,72.07,0.0924495924555913,1
B0007,2008-05-22 11:23:22,147.0,71.81,0.090032670921428,1
B0007,2008-05-22 16:17:58,148.0,71.84,0.092833768730939,1
B0007,2008-05-22 20:59:50,149.0,71.81,0.0912199045869158,1
B0007,2008-05-23 12:13:16,150.0,72.09,0.0911672550374616,1
B0007,2008-05-23 20:14:29,151.0,73.36,0.087404820535234,1
B0007,2008-05-24 01:09:21,152.0,72.59,0.0867162456940854,1
B0007,2008-05-24 06:00:20,153.0,72.36,0.0883740485896972,1
B0007,2008-05-24 10:42:50,154.0,72.09,0.0888955702865366,1
B0007,2008-05-24 15:31:10,155.0,71.58,0.0901737804549904,1
B0007,2008-05-24 20:21:13,156.0,71.59,0.090247979907766,1
B0007,2008-05-25 01:06:49,157.0,71.31,0.0911554578467061,1
B0007,2008-05-25 05:57:17,158.0,71.3,0.0917263788119531,1
B0007,2008-05-25 10:51:37,159.0,71.06,0.0887764223987608,1
B0007,2008-05-25 15:37:08,160.0,70.82,0.0891371873470344,1
B0007,2008-05-25 20:23:04,161.0,70.83,0.0893174652975898,1
B0007,2008-05-26 01:13:02,162.0,70.54,0.0907572748025285,1
B0007,2008-05-26 06:01:08,163.0,70.55,0.0912602372721357,1
B0007,2008-05-26 10:44:38,164.0,70.31,0.0933150676288513,1
B0007,2008-05-26 15:30:43,165.0,70.32,0.0935717748030131,1
B0007,2008-05-26 20:21:04,166.0,70.02,0.0913267326241943,1
B0007,2008-05-27 15:52:41,167.0,71.09,0.0898121432394471,1
B0007,2008-05-27 20:45:42,168.0,71.62,0.0898121432394471,1
B0018,2008-07-07 15:15:28,1.0,92.75,0.09555369570022,1
B0018,2008-07-07 21:53:06,2.0,92.16,0.0916190292546578,1
B0018,2008-07-08 02:56:08,3.0,91.98,0.0918828824623866,1
B0018,2008-07-08 07:58:55,4.0,91.53,0.0914120280962234,1
B0018,2008-07-08 18:57:48,5.0,91.64,0.0920187644768557,1
B0018,2008-07-08 22:57:17,6.0,91.43,0.0920187644768557,1
B0018,2008-07-09 02:56:41,7.0,91.06,0.0920187644768557,1
B0018,2008-07-09 06:55:54,8.0,90.76,0.0920187644768557,1
B0018,2008-07-09 11:26:41,9.0,90.21,0.0878449584531599,1
B0018,2008-07-10 16:34:39,10.0,91.16,0.0898982221526576,1
B0018,2008-07-10 20:33:58,11.0,90.61,0.0898982221526576,1
B0018,2008-07-11 00:30:25,12.0,90.23,0.0898982221526576,1
B0018,2008-07-11 04:28:49,13.0,89.54,0.0898982221526576,1
B0018,2008-07-11 08:59:08,14.0,89.17,0.0879548425080303,1
B0018,2008-07-11 14:27:05,15.0,89.05,0.0871066350454787,1
B0018,2008-07-11 18:25:27,16.0,88.56,0.0871066350454787,1
B0018,2008-07-11 22:22:05,17.0,88.43,0.0871066350454787,1
B0018,2008-07-12 02:18:11,18.0,87.68,0.0871066350454787,1
B0018,2008-07-12 06:45:43,19.0,87.31,0.0875492997393303,1
B0018,2008-07-12 11:15:36,20.0,86.88,0.085709711905584,1
B0018,2008-07-12 15:13:28,21.0,86.58,0.085709711905584,1
B0018,2008-07-12 18:52:45,22.0,85.43,0.085709711905584,1
B0018,2008-07-12 22:50:29,23.0,85.57,0.085709711905584,1
B0018,2008-07-13 03:19:05,24.0,85.38,0.088484820718071,1
B0018,2008-07-14 13:08:20,25.0,87.46,0.0868405589019254,1
B0018,2008-07-14 17:03:45,26.0,86.64,0.0868405589019254,1
B0018,2008-07-14 20:57:32,27.0,86.11,0.0868405589019254,1
B0018,2008-07-15 00:49:58,28.0,85.59,0.0868405589019254,1
B0018,2008-07-15 05:14:47,29.0,84.96,0.0850061597091283,1
B0018,2008-07-15 09:43:28,30.0,84.7,0.0854432604918211,1
B0018,2008-07-15 13:36:47,31.0,84.1,0.0854432604918211,1
B0018,2008-07-15 17:29:47,32.0,83.85,0.0854432604918211,1
B0018,2008-07-15 21:21:30,33.0,83.28,0.0854432604918211,1
B0018,2008-07-16 01:45:13,34.0,82.86,0.0861108271576963,1
B0018,2008-07-16 06:12:34,35.0,82.41,0.0841039159798283,1
B0018,2008-07-16 10:05:40,36.0,81.94,0.0841039159798283,1
B0018,2008-07-16 13:57:42,37.0,81.38,0.0841039159798283,1
B0018,2008-07-16 17:51:36,38.0,81.11,0.0841039159798283,1
B0018,2008-07-16 22:13:57,39.0,80.7,0.0871128650055224,1
B0018,2008-07-18 17:28:12,40.0,83.8,0.0838112972640761,1
B0018,2008-07-18 21:19:44,41.0,82.47,0.0838112972640761,1
B0018,2008-07-19 01:10:07,42.0,81.62,0.0838112972640761,1
B0018,2008-07-19 05:01:04,43.0,80.82,0.0838112972640761,1
B0018,2008-07-19 09:25:29,44.0,80.55,0.0877848925885978,1
B0018,2008-07-19 13:53:00,45.0,79.77,0.0851627893757878,1
B0018,2008-07-29 18:34:27,46.0,86.34,0.0851627893757878,1
B0018,2008-07-29 22:21:53,47.0,85.83,0.0851627893757878,1
B0018,2008-07-30 02:09:48,48.0,84.79,0.0851627893757878,1
B0018,2008-07-30 05:57:02,49.0,83.89,0.0851627893757878,1
B0018,2008-07-30 09:52:21,50.0,83.03,0.0851627893757878,1
B0018,2008-07-30 19:28:07,51.0,83.32,0.0860082471809912,1
B0018,2008-07-30 23:16:54,52.0,82.34,0.0860082471809912,1
B0018,2008-07-31 02:46:18,53.0,81.29,0.0860082471809912,1
B0018,2008-07-31 06:15:17,54.0,80.61,0.0860082471809912,1
B0018,2008-07-31 10:10:14,55.0,80.29,0.0860082471809912,1
B0018,2008-08-01 17:46:33,56.0,83.68,0.0852251201269989,1
B0018,2008-08-01 21:32:12,57.0,82.02,0.0852251201269989,1
B0018,2008-08-02 01:17:09,58.0,80.66,0.0852251201269989,1
B0018,2008-08-02 05:03:55,59.0,79.6,0.0852251201269989,1
B0018,2008-08-02 09:26:51,60.0,79.33,0.0859882467642574,1
B0018,2008-08-02 13:55:03,61.0,79.0,0.084880750149247,1
B0018,2008-08-02 17:41:59,62.0,78.21,0.084880750149247,1
B0018,2008-08-02 21:29:24,63.0,77.78,0.084880750149247,1
B0018,2008-08-03 01:16:07,64.0,77.01,0.084880750149247,1
B0018,2008-08-03 05:39:11,65.0,76.61,0.0884732058328667,1
B0018,2008-08-03 10:08:42,66.0,76.58,0.085530754144125,1
B0018,2008-08-03 13:54:25,67.0,76.11,0.085530754144125,1
B0018,2008-08-03 17:42:28,68.0,75.33,0.085530754144125,1
B0018,2008-08-03 21:26:49,69.0,75.07,0.085530754144125,1
B0018,2008-08-04 01:48:42,70.0,74.82,0.090046169627389,1
B0018,2008-08-04 17:08:25,71.0,76.67,0.0872013762847039,1
B0018,2008-08-04 20:55:13,72.0,76.19,0.0872013762847039,1
B0018,2008-08-05 00:41:24,73.0,75.06,0.0872013762847039,1
B0018,2008-08-05 04:27:50,74.0,74.62,0.0872013762847039,1
B0018,2008-08-05 08:23:48,75.0,74.17,0.0872013762847039,1
B0018,2008-08-05 12:50:42,76.0,74.04,0.0879797666852718,1
B0018,2008-08-05 16:36:12,77.0,73.68,0.0879797666852718,1
B0018,2008-08-05 20:21:46,78.0,73.4,0.0879797666852718,1
B0018,2008-08-06 00:06:53,79.0,72.9,0.0879797666852718,1
B0018,2008-08-06 04:27:52,80.0,72.39,0.0910814973658125,1
B0018,2008-08-06 08:55:24,81.0,72.64,0.0876297004096254,1
B0018,2008-08-06 12:40:42,82.0,72.13,0.0876297004096254,1
B0018,2008-08-06 16:25:32,83.0,71.96,0.0876297004096254,1
B0018,2008-08-06 20:09:11,84.0,71.43,0.0876297004096254,1
B0018,2008-08-07 00:27:39,85.0,71.25,0.0922488167541978,1
B0018,2008-08-07 19:05:53,86.0,73.49,0.0887875504657166,1
B0018,2008-08-07 22:50:51,87.0,72.63,0.0887875504657166,1
B0018,2008-08-08 02:32:53,88.0,72.14,0.0887875504657166,1
B0018,2008-08-08 06:16:47,89.0,71.42,0.0887875504657166,1
B0018,2008-08-08 10:14:50,90.0,70.77,0.0887875504657166,1
B0018,2008-08-08 20:10:08,91.0,72.73,0.0884263275530729,1
B0018,2008-08-08 23:54:01,92.0,71.42,0.0884263275530729,1
B0018,2008-08-09 03:37:06,93.0,70.99,0.0884263275530729,1
B0018,2008-08-09 07:19:59,94.0,70.78,0.0884263275530729,1
B0018,2008-08-09 11:36:57,95.0,70.28,0.0916416933004205,1
B0018,2008-08-09 15:59:02,96.0,70.42,0.0868069025668704,1
B0018,2008-08-09 19:41:13,97.0,69.84,0.0868069025668704,1
B0018,2008-08-09 23:22:00,98.0,69.68,0.0868069025668704,1
B0018,2008-08-10 03:01:08,99.0,69.47,0.0868069025668704,1
B0018,2008-08-10 07:19:08,100.0,68.93,0.0925002319045349,1
B0018,2008-08-10 11:39:39,101.0,69.25,0.0888408418585299,1
B0018,2008-08-10 15:21:25,102.0,68.52,0.0888408418585299,1
B0018,2008-08-10 19:01:07,103.0,68.67,0.0888408418585299,1
B0018,2008-08-10 22:40:10,104.0,68.4,0.0888408418585299,1
B0018,2008-08-11 02:53:19,105.0,67.84,0.0902436427818111,1
B0018,2008-08-14 13:04:49,106.0,73.02,0.089572346161732,1
B0018,2008-08-14 16:49:56,107.0,72.5,0.089572346161732,1
B0018,2008-08-14 20:29:23,108.0,71.91,0.089572346161732,1
B0018,2008-08-15 00:08:59,109.0,71.42,0.089572346161732,1
B0018,2008-08-15 03:59:10,110.0,70.74,0.089572346161732,1
B0018,2008-08-15 08:19:52,111.0,70.69,0.0893968694708912,1
B0018,2008-08-15 12:00:03,112.0,69.95,0.0893968694708912,1
B0018,2008-08-15 15:37:16,113.0,69.77,0.0893968694708912,1
B0018,2008-08-15 19:13:34,114.0,69.5,0.0893968694708912,1
B0018,2008-08-15 23:27:04,115.0,69.3,0.0913916544478255,1
B0018,2008-08-16 03:52:55,116.0,69.41,0.0879110001707879,1
B0018,2008-08-16 07:37:37,117.0,68.81,0.0879110001707879,1
B0018,2008-08-16 11:21:22,118.0,68.24,0.0879110001707879,1
B0018,2008-08-16 15:02:56,119.0,67.95,0.0879110001707879,1
B0018,2008-08-16 19:15:49,120.0,67.31,0.0957073119737363,1
B0018,2008-08-18 14:27:16,121.0,71.34,0.0911517651919058,1
B0018,2008-08-18 18:08:54,122.0,70.32,0.0911517651919058,1
B0018,2008-08-18 21:48:48,123.0,69.67,0.0911517651919058,1
B0018,2008-08-19 01:25:43,124.0,69.41,0.0911517651919058,1
B0018,2008-08-19 05:17:05,125.0,68.51,0.0911517651919058,1
B0018,2008-08-19 09:39:42,126.0,68.98,0.0903487114950748,1
B0018,2008-08-19 13:17:33,127.0,68.43,0.0903487114950748,1
B0018,2008-08-19 16:54:51,128.0,68.14,0.0903487114950748,1
B0018,2008-08-19 20:32:20,129.0,68.17,0.0903487114950748,1
B0018,2008-08-20 00:43:05,130.0,67.59,0.0920096535708447,1
B0018,2008-08-20 05:02:00,131.0,67.74,0.0889588507439178,1
B0018,2008-08-20 08:37:19,132.0,67.05,0.0889588507439178,1
